carModel,originalPrice,predictedPrice
 5 Series,34990,27082.0
 X1,18998,18041.0
 3 Series,10740,10662.0
 3 Series,18500,19718.0
 1 Series,11499,12448.0
 2 Series,17699,19416.0
 5 Series,26380,25057.0
 X1,17500,19731.0
 X7,66000,64431.0
 2 Series,21980,24356.0
 i3,19948,20530.0
 3 Series,17991,14141.0
 1 Series,12499,13481.0
 X5,44866,47458.0
 X3,8799,9315.0
 1 Series,15200,19404.0
 5 Series,15230,16262.0
 4 Series,25490,27514.0
 4 Series,24975,26109.0
 3 Series,12500,12150.0
 1 Series,10800,12226.0
 2 Series,20950,22341.0
 X1,24950,25129.0
 1 Series,22980,23617.0
 1 Series,18854,17841.0
 1 Series,27994,27049.0
 X5,24999,22978.0
 X2,29770,30266.0
 5 Series,13290,13476.0
 3 Series,14500,14472.0
 X5,26500,16777.0
 X2,23890,29346.0
 3 Series,8659,10380.0
 1 Series,11799,11863.0
 2 Series,22990,23260.0
 4 Series,33999,25830.0
 3 Series,11250,10752.0
 3 Series,17490,17798.0
 5 Series,23898,15886.0
 5 Series,34850,34498.0
 1 Series,15300,21821.0
 4 Series,14990,14439.0
 1 Series,27860,23701.0
 X1,27493,30345.0
 3 Series,30422,25574.0
 2 Series,19980,21821.0
 2 Series,20980,21513.0
 X5,49980,49829.0
 4 Series,17450,13366.0
 5 Series,10400,12141.0
 X5,63320,65889.0
 X1,12680,13253.0
 X1,19499,18877.0
 X2,26940,25658.0
 3 Series,14800,14579.0
 3 Series,18010,18581.0
 3 Series,21991,19326.0
 2 Series,15099,18404.0
 X1,25990,20233.0
 3 Series,32940,26158.0
 4 Series,20800,17834.0
 2 Series,21576,21561.0
 X3,9995,10124.0
 2 Series,16998,18128.0
 5 Series,32980,30220.0
 X3,19500,21440.0
 3 Series,30980,29362.0
 2 Series,14340,16909.0
 X3,35750,33857.0
 X5,47123,47159.0
 3 Series,28980,36128.0
 4 Series,20490,23819.0
 3 Series,17710,17677.0
 X1,17195,18769.0
 2 Series,26995,24193.0
 1 Series,20000,21716.0
 3 Series,30990,27774.0
 1 Series,26989,23243.0
 3 Series,20030,14894.0
 3 Series,10295,11359.0
 3 Series,15491,15138.0
 3 Series,13750,12906.0
 1 Series,8393,8307.0
 2 Series,20990,22730.0
 X1,8999,10653.0
 X1,25406,28005.0
 1 Series,23999,23843.0
 X2,28551,29763.0
 X1,18899,19708.0
 X5,47990,46393.0
 3 Series,17640,18024.0
 X4,41999,44721.0
 1 Series,12995,13297.0
 X4,19500,14811.0
 6 Series,8499,7244.0
 3 Series,28450,28011.0
 3 Series,15491,14380.0
 2 Series,8498,8318.0
 5 Series,26350,24735.0
 3 Series,15991,16816.0
 5 Series,34850,38515.0
 3 Series,24000,21719.0
 5 Series,29990,31393.0
 1 Series,21995,22007.0
 i3,17100,18400.0
 2 Series,25780,27326.0
 3 Series,14999,14477.0
 4 Series,16999,14618.0
 3 Series,27480,24939.0
 3 Series,11498,12596.0
 X1,10872,11102.0
 1 Series,12869,13025.0
 3 Series,20998,23715.0
 X5,43716,48133.0
 3 Series,14200,17985.0
 5 Series,21950,24803.0
 1 Series,9100,10056.0
 3 Series,25000,25964.0
 i3,16482,18455.0
 7 Series,51990,52712.0
 1 Series,16480,26141.0
 3 Series,11300,12296.0
 1 Series,11399,10882.0
 2 Series,28993,26133.0
 2 Series,21773,23292.0
 3 Series,19998,20501.0
 1 Series,22995,23845.0
 3 Series,22162,18222.0
 3 Series,13798,12343.0
 2 Series,17450,14337.0
 3 Series,20980,23443.0
 1 Series,8869,9306.0
 3 Series,11900,12156.0
 X1,15200,18229.0
 1 Series,13760,17067.0
 X3,31000,32174.0
 1 Series,16695,20374.0
 3 Series,8691,8847.0
 1 Series,14490,12660.0
 1 Series,29000,28690.0
 2 Series,25950,26053.0
 3 Series,11430,11840.0
 X1,19995,21366.0
 X3,19295,18191.0
 M4,51000,54702.0
 1 Series,19000,19652.0
 X7,65000,58348.0
 1 Series,11550,13184.0
 3 Series,12950,12577.0
 3 Series,14590,15653.0
 3 Series,13798,12132.0
 2 Series,19495,20007.0
 X5,19948,17617.0
 4 Series,17561,16746.0
 5 Series,15950,22968.0
 X1,8990,8975.0
 3 Series,11072,8783.0
 2 Series,23806,23091.0
 3 Series,19799,22679.0
 M5,74988,81766.0
 1 Series,20750,21098.0
 X3,36203,37832.0
 5 Series,28850,29166.0
 X2,26920,28749.0
 Z4,31980,34743.0
 3 Series,2375,3280.0
 X3,16250,19445.0
 6 Series,36550,34315.0
 4 Series,13495,12905.0
 3 Series,16995,17045.0
 X1,10795,16739.0
 5 Series,11490,12714.0
 3 Series,18400,24522.0
 Z3,3995,3382.0
 3 Series,9999,8022.0
 4 Series,37940,31989.0
 2 Series,13521,10501.0
 X1,19495,16326.0
 3 Series,17800,23397.0
 5 Series,7990,10344.0
 1 Series,16480,20474.0
 3 Series,14500,14994.0
 3 Series,39900,44643.0
 2 Series,23999,24071.0
 3 Series,17150,16953.0
 X1,19490,19054.0
 3 Series,18990,19584.0
 3 Series,31450,29140.0
 5 Series,34995,32251.0
 3 Series,4500,4590.0
 X1,12700,14110.0
 1 Series,6990,9477.0
 1 Series,18380,17595.0
 4 Series,32950,31423.0
 2 Series,21980,21048.0
 X1,25999,27152.0
 3 Series,19995,19074.0
 3 Series,37995,37976.0
 7 Series,59995,50246.0
 3 Series,26750,32599.0
 4 Series,25488,25827.0
 1 Series,11726,12817.0
 X2,22960,21432.0
 3 Series,14990,12677.0
 4 Series,19997,18140.0
 X5,27799,30939.0
 3 Series,24790,30144.0
 4 Series,15480,14328.0
 1 Series,22995,21941.0
 Z3,3950,4183.0
 4 Series,38000,35110.0
 4 Series,23775,24485.0
 3 Series,29990,31123.0
 1 Series,17888,21029.0
 3 Series,15300,17147.0
 1 Series,9000,14088.0
 Z4,1995,2507.0
 5 Series,29042,26505.0
 1 Series,16000,17431.0
 3 Series,14495,15654.0
 7 Series,52900,52376.0
 3 Series,20800,18773.0
 3 Series,29990,29312.0
 X3,37963,36290.0
 X5,27498,28632.0
 X1,8790,9339.0
 1 Series,2995,4594.0
 3 Series,14595,16813.0
 3 Series,16899,17831.0
 4 Series,30890,30465.0
 5 Series,12500,10110.0
 1 Series,19840,20596.0
 4 Series,27995,28318.0
 3 Series,9000,12245.0
 X3,31995,38014.0
 X3,14495,16345.0
 3 Series,12995,11583.0
 X3,14900,19104.0
 X2,26972,26972.0
 2 Series,27988,28934.0
 1 Series,9999,10170.0
 3 Series,19998,20842.0
 8 Series,64103,61708.0
 3 Series,11891,11754.0
 1 Series,12990,14421.0
 2 Series,12306,12913.0
 4 Series,15750,13642.0
 4 Series,34995,36832.0
 1 Series,11499,13878.0
 X5,27499,29221.0
 4 Series,16900,19652.0
 3 Series,27450,25984.0
 1 Series,16195,14450.0
 4 Series,30980,32066.0
 2 Series,12148,13844.0
 1 Series,16200,16081.0
 1 Series,10400,11193.0
 5 Series,14950,12529.0
 2 Series,25000,27170.0
 4 Series,32583,28342.0
 2 Series,32450,28047.0
 5 Series,22971,21205.0
 1 Series,23990,28154.0
 3 Series,19498,20898.0
 X2,26972,26972.0
 4 Series,13242,11968.0
 3 Series,16900,17254.0
 2 Series,14860,15827.0
 X1,24680,27014.0
 1 Series,10899,10327.0
 3 Series,34995,36469.0
 3 Series,17990,18979.0
 3 Series,25450,24884.0
 X3,16998,18936.0
 4 Series,22632,22817.0
 3 Series,16995,17716.0
 4 Series,35980,35683.0
 X1,24550,23704.0
 5 Series,16490,14690.0
 2 Series,11850,12666.0
 2 Series,11976,12632.0
 X5,49488,50137.0
 1 Series,20299,19491.0
 1 Series,12000,14606.0
 5 Series,27500,25461.0
 2 Series,21000,22651.0
 1 Series,22890,22637.0
 X1,31498,32128.0
 3 Series,12990,14527.0
 1 Series,19950,25360.0
 2 Series,17965,18007.0
 Z4,32550,27342.0
 3 Series,13495,13905.0
 6 Series,25998,23641.0
 1 Series,23500,24724.0
 X1,18998,18715.0
 X7,68898,55737.0
 3 Series,12998,14796.0
 2 Series,19420,21050.0
 3 Series,41485,46635.0
 X1,19798,16955.0
 3 Series,18298,21627.0
 1 Series,13700,13192.0
 M4,48940,50806.0
 2 Series,22646,22721.0
 1 Series,22890,23401.0
 5 Series,12990,13379.0
 3 Series,27000,25951.0
 3 Series,10000,11619.0
 X1,18700,20054.0
 X4,26000,22167.0
 3 Series,14750,13743.0
 4 Series,25480,23818.0
 1 Series,7990,8000.0
 3 Series,12480,9834.0
 1 Series,12980,13574.0
 X5,27785,27341.0
 3 Series,28950,26726.0
 3 Series,7999,10337.0
 X3,34950,31291.0
 5 Series,17991,17496.0
 1 Series,24160,23312.0
 X1,25450,24105.0
 3 Series,34990,29670.0
 5 Series,12732,10055.0
 1 Series,10600,12590.0
 1 Series,12000,14500.0
 X5,31362,29063.0
 3 Series,22800,21650.0
 2 Series,22646,22721.0
 Z4,38156,50626.0
 3 Series,19357,18521.0
 2 Series,20875,20836.0
 X2,28780,28189.0
 2 Series,10395,9802.0
 3 Series,19999,18957.0
 3 Series,15695,17992.0
 3 Series,12077,11787.0
 3 Series,26899,26287.0
 Z4,29941,28981.0
 1 Series,15480,17081.0
 X1,29750,30883.0
 4 Series,24990,26937.0
 3 Series,26480,28432.0
 4 Series,10749,11031.0
 1 Series,20990,20719.0
 6 Series,34490,30671.0
 3 Series,23685,22519.0
 M3,37591,36303.0
 2 Series,24180,26708.0
 1 Series,6995,7003.0
 4 Series,25850,26895.0
 X4,38500,40428.0
 X4,18500,18734.0
 M5,63980,63523.0
 3 Series,27990,26614.0
 4 Series,33975,34586.0
 1 Series,13806,13449.0
 5 Series,10750,10649.0
 X6,37980,38173.0
 X5,28990,25661.0
 2 Series,34950,32741.0
 X4,44950,46802.0
 2 Series,19212,21793.0
 3 Series,27498,26515.0
 X2,28608,33425.0
 1 Series,16139,17165.0
 2 Series,17490,18756.0
 Z4,39991,32243.0
 2 Series,17990,18836.0
 1 Series,30180,28797.0
 4 Series,14795,13837.0
 X6,52990,55715.0
 4 Series,16500,16308.0
 X4,36980,43770.0
 X1,14995,13427.0
 3 Series,15800,17438.0
 X1,17998,17638.0
 X5,28781,28739.0
 1 Series,8990,10394.0
 5 Series,13119,15104.0
 4 Series,19998,16986.0
 2 Series,19495,19650.0
 5 Series,34995,32306.0
 2 Series,24475,29601.0
 3 Series,10375,12944.0
 3 Series,19799,19308.0
 3 Series,9000,8550.0
 X1,17498,18736.0
 i8,42890,40082.0
 3 Series,28998,26737.0
 3 Series,11295,10375.0
 3 Series,17498,16003.0
 1 Series,16450,15500.0
 2 Series,21600,23906.0
 X1,13990,15473.0
 3 Series,22898,23355.0
 1 Series,10700,10745.0
 5 Series,8470,7937.0
 5 Series,10995,10085.0
 4 Series,17900,22863.0
 5 Series,12200,11693.0
 5 Series,13990,14006.0
 X4,47480,46259.0
 8 Series,60000,42718.0
 1 Series,2990,3804.0
 1 Series,18690,20483.0
 3 Series,19495,19810.0
 X3,38950,29061.0
 1 Series,10795,10515.0
 2 Series,21775,20812.0
 3 Series,23942,19002.0
 X5,25940,24193.0
 3 Series,20950,22191.0
 2 Series,13895,18521.0
 1 Series,10985,10249.0
 X1,19682,17387.0
 X2,31980,33488.0
 3 Series,34370,33425.0
 4 Series,22498,22021.0
 1 Series,6795,8443.0
 4 Series,27950,27542.0
 X5,32000,29565.0
 4 Series,24975,23663.0
 X1,21500,20761.0
 4 Series,16000,18656.0
 3 Series,32060,28923.0
 3 Series,13695,15388.0
 5 Series,29990,32420.0
 2 Series,15149,15674.0
 1 Series,10340,11379.0
 3 Series,26750,26551.0
 1 Series,21500,24266.0
 2 Series,28861,28688.0
 1 Series,16275,16032.0
 3 Series,20878,21573.0
 X2,32570,38282.0
 X3,19000,18133.0
 1 Series,11941,11995.0
 X3,31400,30672.0
 3 Series,15998,18389.0
 X7,77995,75165.0
 X1,27980,26382.0
 1 Series,14195,15216.0
 5 Series,11000,9232.0
 2 Series,18980,16759.0
 X3,19000,21201.0
 4 Series,24016,27108.0
 1 Series,15940,16444.0
 3 Series,28950,25471.0
 X5,52990,54973.0
 3 Series,34995,34046.0
 X3,13750,14037.0
 X4,18390,13658.0
 X1,17261,16503.0
 5 Series,21998,20947.0
 4 Series,24990,28976.0
 4 Series,18498,18589.0
 X5,29250,29135.0
 X1,17998,17486.0
 X2,32012,25137.0
 3 Series,37750,34772.0
 5 Series,24995,24997.0
 1 Series,20491,21191.0
 2 Series,25998,28975.0
 X1,18990,17603.0
 4 Series,29882,27429.0
 6 Series,15750,15702.0
 3 Series,14300,17030.0
 2 Series,24480,26316.0
 3 Series,28400,32561.0
 X3,34950,35860.0
 4 Series,20385,20766.0
 X1,21980,20790.0
 1 Series,23440,22321.0
 M3,16950,15756.0
 X5,51990,57061.0
 6 Series,8995,9803.0
 M3,16950,15756.0
 X5,57990,49891.0
 7 Series,37999,28615.0
 5 Series,38260,37243.0
 5 Series,21850,17691.0
 3 Series,21450,20869.0
 X3,30780,33857.0
 4 Series,9990,9976.0
 Z4,32495,31187.0
 1 Series,21980,18840.0
 3 Series,24950,26859.0
 3 Series,3050,5595.0
 5 Series,31950,32929.0
 X3,8440,9711.0
 X1,15800,17177.0
 X3,14495,14156.0
 7 Series,51500,47262.0
 X1,19100,18730.0
 5 Series,25998,25708.0
 1 Series,17980,19406.0
 X5,16498,16747.0
 X1,28410,28923.0
 X7,64995,60588.0
 3 Series,23990,23611.0
 3 Series,30552,28277.0
 1 Series,26995,21950.0
 X1,18500,20658.0
 4 Series,27162,26345.0
 X3,33990,34081.0
 1 Series,6998,9643.0
 3 Series,13995,12711.0
 3 Series,28980,30985.0
 6 Series,33980,31004.0
 1 Series,15998,17894.0
 X1,22000,19896.0
 1 Series,23450,19443.0
 4 Series,20681,17950.0
 X5,56990,58121.0
 2 Series,19385,22244.0
 3 Series,24850,27150.0
 X2,25969,23103.0
 3 Series,24475,22056.0
 3 Series,15475,15738.0
 3 Series,18990,17067.0
 1 Series,8149,9087.0
 1 Series,14998,15406.0
 X5,31499,32399.0
 2 Series,10900,16745.0
 X1,34995,32182.0
 2 Series,12750,13426.0
 2 Series,9800,12050.0
 3 Series,24480,22216.0
 2 Series,19000,20152.0
 3 Series,13199,13477.0
 4 Series,23480,23411.0
 3 Series,12189,13600.0
 2 Series,19372,20548.0
 3 Series,26998,25710.0
 4 Series,32148,30747.0
 1 Series,14985,16547.0
 M3,31000,30413.0
 X3,36999,34681.0
 X1,16333,16938.0
 X3,59995,56394.0
 X5,46991,47452.0
 5 Series,28836,26704.0
 3 Series,19495,17977.0
 5 Series,36985,34542.0
 3 Series,9174,8592.0
 1 Series,26413,21913.0
 2 Series,19681,18253.0
 4 Series,17980,16627.0
 3 Series,20950,18976.0
 3 Series,16500,16329.0
 3 Series,29950,31562.0
 2 Series,17980,18885.0
 4 Series,27950,27287.0
 4 Series,18280,22121.0
 4 Series,26922,24478.0
 6 Series,32023,34308.0
 5 Series,21900,15294.0
 X3,30000,17514.0
 4 Series,29485,35323.0
 1 Series,10970,12296.0
 1 Series,7940,8224.0
 4 Series,24000,24829.0
 2 Series,17495,15383.0
 3 Series,14295,14153.0
 5 Series,34850,34498.0
 5 Series,31980,27942.0
 4 Series,29540,31059.0
 3 Series,38500,30598.0
 5 Series,8950,7815.0
 5 Series,30902,24741.0
 2 Series,19600,22265.0
 5 Series,17999,17098.0
 3 Series,21000,25705.0
 1 Series,8990,9681.0
 2 Series,15000,15947.0
 3 Series,13500,15836.0
 X3,32995,30760.0
 1 Series,13450,16142.0
 6 Series,21795,20510.0
 4 Series,17786,17176.0
 3 Series,10298,10530.0
 1 Series,8490,8796.0
 3 Series,15400,18513.0
 2 Series,23950,27249.0
 5 Series,26000,25998.0
 5 Series,32995,33206.0
 1 Series,12900,13069.0
 4 Series,25980,26502.0
 5 Series,22312,20076.0
 2 Series,25780,27609.0
 3 Series,29530,31466.0
 4 Series,19000,15568.0
 X1,22499,23048.0
 1 Series,10990,10787.0
 4 Series,29361,27887.0
 X1,11499,12833.0
 3 Series,28990,29343.0
 X1,18698,18846.0
 4 Series,24940,26094.0
 1 Series,16450,16808.0
 X1,17600,18739.0
 X5,46666,46917.0
 1 Series,24980,24361.0
 X5,47990,49336.0
 X7,77880,73469.0
 3 Series,24898,25729.0
 2 Series,14990,14802.0
 X5,49490,51308.0
 i8,55485,34710.0
 3 Series,28888,27908.0
 7 Series,30850,24224.0
 X1,16690,18146.0
 5 Series,10295,10260.0
 1 Series,18402,17971.0
 2 Series,10799,13128.0
 3 Series,12300,13995.0
 X4,46995,52315.0
 X6,33450,31795.0
 5 Series,23880,23280.0
 X1,24725,23106.0
 1 Series,20875,20781.0
 X5,56995,48917.0
 3 Series,16999,19050.0
 3 Series,17450,15620.0
 1 Series,16995,15272.0
 4 Series,19444,17896.0
 5 Series,40985,26040.0
 3 Series,17400,18522.0
 X2,32000,34661.0
 1 Series,11711,14834.0
 X3,17495,22369.0
 X3,31940,33750.0
 1 Series,12290,11646.0
 2 Series,17998,18497.0
 4 Series,14450,13459.0
 4 Series,19991,20375.0
 3 Series,18000,17816.0
 X1,21498,21240.0
 M4,43950,45805.0
 3 Series,27280,26078.0
 X3,14000,11672.0
 1 Series,10100,10509.0
 4 Series,14699,15575.0
 3 Series,9975,10152.0
 2 Series,25980,26210.0
 2 Series,28640,28670.0
 X1,12832,12888.0
 X3,20991,21815.0
 X1,11000,13337.0
 2 Series,16798,16077.0
 4 Series,20590,19626.0
 1 Series,7000,7856.0
 4 Series,19980,26013.0
 7 Series,33682,27541.0
 X2,29950,31742.0
 4 Series,17495,17410.0
 M4,45990,46614.0
 6 Series,12970,13273.0
 1 Series,14502,22436.0
 5 Series,33995,25755.0
 4 Series,16480,13467.0
 X5,44980,48223.0
 1 Series,26990,24212.0
 X3,27980,29057.0
 X5,32998,31438.0
 X1,17995,18010.0
 5 Series,12980,12702.0
 3 Series,13795,13077.0
 4 Series,27000,27212.0
 X1,25980,26745.0
 4 Series,25980,26619.0
 2 Series,16500,19023.0
 1 Series,10500,11344.0
 1 Series,11200,12601.0
 3 Series,30690,31756.0
 X1,27450,23158.0
 5 Series,13990,15567.0
 3 Series,24990,28904.0
 1 Series,12895,12440.0
 2 Series,15299,14584.0
 X1,27980,30564.0
 5 Series,8595,10102.0
 2 Series,17950,20710.0
 3 Series,25980,27660.0
 1 Series,16998,22550.0
 X2,29995,27442.0
 X1,29980,25376.0
 2 Series,20638,23245.0
 5 Series,29995,23337.0
 3 Series,30543,28277.0
 3 Series,29490,28080.0
 3 Series,8492,7515.0
 5 Series,30490,33545.0
 X5,46980,49168.0
 X1,19498,17985.0
 5 Series,24600,19047.0
 3 Series,13950,14728.0
 2 Series,8995,11478.0
 3 Series,12990,12739.0
 3 Series,26750,27641.0
 3 Series,6985,6402.0
 X5,52004,50517.0
 5 Series,27990,30895.0
 X5,49990,55600.0
 3 Series,20000,17426.0
 3 Series,21000,20923.0
 3 Series,41850,44287.0
 4 Series,14950,13623.0
 1 Series,11295,12159.0
 2 Series,29995,29765.0
 5 Series,37999,38787.0
 4 Series,11250,10026.0
 X4,36390,35636.0
 1 Series,11490,14009.0
 3 Series,22072,21962.0
 3 Series,10999,11498.0
 X4,41530,42724.0
 1 Series,15199,15420.0
 3 Series,19998,19648.0
 X1,16995,17266.0
 X1,14200,16842.0
 2 Series,21980,19223.0
 3 Series,3990,3287.0
 X1,12702,12560.0
 2 Series,21980,20959.0
 4 Series,21998,19801.0
 X3,19000,22719.0
 4 Series,19600,19634.0
 3 Series,8900,9884.0
 X1,17621,17611.0
 1 Series,19950,19913.0
 7 Series,26800,17328.0
 1 Series,16741,14851.0
 5 Series,15998,17862.0
 2 Series,11299,10831.0
 4 Series,27990,24563.0
 4 Series,30995,30251.0
 3 Series,28999,24618.0
 3 Series,19500,30121.0
 1 Series,21901,26126.0
 M4,46000,48151.0
 X2,22500,19343.0
 X5,31581,31903.0
 M4,34995,34567.0
 X5,48836,48292.0
 4 Series,12220,12242.0
 4 Series,26950,28505.0
 1 Series,13995,12205.0
 X3,15995,13569.0
 3 Series,26832,27259.0
 5 Series,26995,24376.0
 5 Series,26450,20909.0
 3 Series,28995,24786.0
 2 Series,23480,25324.0
 4 Series,24785,26874.0
 3 Series,12100,12487.0
 3 Series,9802,12920.0
 2 Series,24988,33120.0
 X5,59993,61604.0
 4 Series,16475,14442.0
 1 Series,13500,14336.0
 3 Series,18600,18870.0
 3 Series,4675,5143.0
 1 Series,10800,14711.0
 X5,48766,46973.0
 3 Series,16500,17397.0
 X7,62850,62127.0
 3 Series,25444,30013.0
 3 Series,26989,32830.0
 1 Series,17900,19434.0
 M2,46000,50006.0
 X7,74140,60031.0
 X1,17397,17616.0
 X3,21856,23320.0
 1 Series,11000,11297.0
 3 Series,23991,23006.0
 2 Series,28950,26485.0
 1 Series,10499,12115.0
 X3,34988,36054.0
 1 Series,6750,7839.0
 X1,23995,16436.0
 2 Series,17298,17275.0
 3 Series,14300,17126.0
 X1,17410,18450.0
 X5,34498,30739.0
 3 Series,26498,25766.0
 1 Series,22750,26306.0
 1 Series,17500,18402.0
 2 Series,10000,11480.0
 X5,49488,50141.0
 3 Series,10991,10106.0
 4 Series,30403,31822.0
 4 Series,36990,36938.0
 3 Series,14450,13629.0
 1 Series,29950,28965.0
 2 Series,15000,19361.0
 3 Series,15995,12270.0
 1 Series,8995,9205.0
 M4,39999,39866.0
 X1,28995,21228.0
 4 Series,21149,21188.0
 3 Series,19495,19225.0
 2 Series,24950,25427.0
 5 Series,29995,25704.0
 1 Series,16300,16788.0
 X5,34650,34380.0
 3 Series,13675,15022.0
 2 Series,21890,21077.0
 1 Series,31000,31933.0
 M2,46995,47108.0
 3 Series,18989,20350.0
 X3,36750,31952.0
 1 Series,11750,12025.0
 3 Series,11490,13520.0
 1 Series,20875,21459.0
 3 Series,23980,25463.0
 3 Series,19400,18971.0
 Z4,13498,14682.0
 5 Series,23941,18733.0
 4 Series,14000,12333.0
 M4,29197,29917.0
 5 Series,20850,22021.0
 1 Series,22150,20854.0
 2 Series,22646,22721.0
 3 Series,11000,13626.0
 1 Series,14980,14271.0
 4 Series,25000,27463.0
 M4,40000,48400.0
 1 Series,11400,12563.0
 5 Series,29450,25905.0
 2 Series,14998,12471.0
 5 Series,19875,17199.0
 3 Series,15495,17227.0
 X1,26480,25363.0
 X1,18200,18786.0
 X5,13190,10267.0
 2 Series,16950,14427.0
 2 Series,22990,24485.0
 X3,33980,31689.0
 2 Series,13998,12524.0
 2 Series,19950,23852.0
 5 Series,11999,12004.0
 1 Series,12300,10288.0
 4 Series,17410,16402.0
 2 Series,19559,21263.0
 1 Series,7888,8504.0
 2 Series,24590,29445.0
 X4,26191,24138.0
 3 Series,11499,12845.0
 3 Series,3990,4160.0
 1 Series,35995,35224.0
 1 Series,15500,16549.0
 Z4,28950,26613.0
 X2,27988,30976.0
 X1,17900,17372.0
 3 Series,26590,23844.0
 2 Series,15950,17100.0
 X3,31999,33894.0
 2 Series,14995,15789.0
 3 Series,10450,12334.0
 X6,55500,56038.0
 M4,41490,45267.0
 6 Series,31999,28039.0
 1 Series,17500,16163.0
 X4,36000,38929.0
 2 Series,19980,21500.0
 3 Series,24450,28647.0
 X1,16000,19022.0
 X2,23450,24709.0
 1 Series,12300,13777.0
 5 Series,17970,17071.0
 3 Series,26885,27142.0
 X2,28750,28953.0
 1 Series,22890,23701.0
 2 Series,11399,15374.0
 3 Series,21298,15310.0
 3 Series,4995,4082.0
 3 Series,12080,12332.0
 2 Series,22950,28786.0
 1 Series,19598,20081.0
 3 Series,15127,16315.0
 3 Series,3800,4986.0
 3 Series,22980,23761.0
 X3,22950,23808.0
 1 Series,18022,19535.0
 X3,17994,17281.0
 5 Series,28500,29511.0
 3 Series,26950,32607.0
 1 Series,7475,8352.0
 M2,23495,22266.0
 3 Series,21998,24143.0
 3 Series,9490,10668.0
 4 Series,22500,21043.0
 2 Series,22646,22721.0
 X1,31200,31683.0
 M3,37970,33992.0
 1 Series,23450,21182.0
 3 Series,8999,8915.0
 3 Series,30995,28651.0
 1 Series,16800,15378.0
 2 Series,19950,19725.0
 3 Series,17000,16832.0
 1 Series,8000,9099.0
 1 Series,10995,10113.0
 X3,17000,19687.0
 X2,32495,33111.0
 3 Series,15700,19086.0
 X1,26995,25628.0
 3 Series,12500,12094.0
 1 Series,22222,22032.0
 3 Series,11211,9502.0
 6 Series,16200,17258.0
 3 Series,26995,25185.0
 3 Series,19490,19563.0
 X1,14800,20049.0
 3 Series,18500,17901.0
 1 Series,16295,16635.0
 3 Series,25991,26215.0
 3 Series,19000,18994.0
 2 Series,18999,29413.0
 2 Series,18990,21797.0
 5 Series,17499,15488.0
 X5,48990,53085.0
 3 Series,20498,25337.0
 1 Series,11891,10400.0
 X3,15795,19248.0
 4 Series,36902,28670.0
 5 Series,42124,42077.0
 1 Series,9990,11559.0
 3 Series,14990,12862.0
 X3,16800,19399.0
 7 Series,57000,51246.0
 X5,24499,21832.0
 2 Series,19850,29917.0
 1 Series,10990,12068.0
 3 Series,19875,16724.0
 1 Series,16500,17150.0
 3 Series,40000,37192.0
 X4,22800,22264.0
 3 Series,16600,20530.0
 1 Series,16980,13551.0
 X5,53795,50143.0
 4 Series,29840,28944.0
 3 Series,16999,17552.0
 2 Series,15991,15624.0
 5 Series,35475,35849.0
 3 Series,14995,16629.0
 1 Series,7995,8148.0
 1 Series,19895,20395.0
 3 Series,24500,21433.0
 6 Series,20500,21113.0
 3 Series,16995,18155.0
 4 Series,29626,30264.0
 4 Series,25400,26380.0
 X2,23750,24175.0
 X2,26972,26972.0
 X3,33990,34165.0
 3 Series,9990,11669.0
 3 Series,15100,14991.0
 3 Series,11299,12338.0
 2 Series,26988,32135.0
 1 Series,21490,21376.0
 1 Series,14500,16608.0
 3 Series,13042,11842.0
 3 Series,4250,5771.0
 1 Series,12800,14433.0
 3 Series,13900,10742.0
 4 Series,14778,13788.0
 X1,18500,20205.0
 3 Series,17499,15720.0
 3 Series,16998,17292.0
 3 Series,31000,26085.0
 X3,39875,41477.0
 1 Series,16250,17756.0
 3 Series,13999,13881.0
 X1,24712,21574.0
 4 Series,19998,18385.0
 1 Series,11300,13414.0
 4 Series,29995,36334.0
 4 Series,18712,16693.0
 X3,21948,21471.0
 X2,33940,35502.0
 1 Series,21980,20480.0
 1 Series,22890,22230.0
 X4,44000,46503.0
 X1,12991,15079.0
 M5,72000,73541.0
 2 Series,20981,17765.0
 1 Series,15989,16235.0
 M4,29991,32055.0
 3 Series,19125,18682.0
 2 Series,22894,21403.0
 5 Series,16000,16464.0
 4 Series,25988,25783.0
 4 Series,42520,25857.0
 1 Series,17850,27682.0
 3 Series,14200,14367.0
 Z4,10450,7584.0
 5 Series,28990,31365.0
 X1,22000,22456.0
 2 Series,15399,15247.0
 1 Series,18499,23560.0
 X4,33998,35126.0
 3 Series,23950,23168.0
 2 Series,22600,28448.0
 3 Series,17700,23127.0
 3 Series,15350,14139.0
 X2,30413,33591.0
 1 Series,3795,5509.0
 X2,20500,21043.0
 3 Series,31995,29920.0
 5 Series,33122,25252.0
 1 Series,13990,13236.0
 1 Series,31790,30993.0
 2 Series,15980,14098.0
 3 Series,9500,12914.0
 2 Series,14999,19183.0
 1 Series,22491,28362.0
 X4,19700,20465.0
 4 Series,29898,29420.0
 4 Series,16299,15122.0
 3 Series,28348,31096.0
 1 Series,11800,13164.0
 X3,18850,19621.0
 1 Series,12490,15358.0
 1 Series,10540,10948.0
 8 Series,65000,62113.0
 3 Series,9000,11532.0
 1 Series,15989,16576.0
 X6,20510,16028.0
 4 Series,29999,29826.0
 2 Series,11000,11223.0
 3 Series,43990,51770.0
 1 Series,20998,21220.0
 1 Series,21480,23841.0
 X2,33520,35388.0
 4 Series,18062,16792.0
 X3,15500,16755.0
 5 Series,14900,16367.0
 X5,24020,23200.0
 3 Series,21495,19336.0
 1 Series,13750,14063.0
 3 Series,21990,22648.0
 5 Series,21582,18581.0
 8 Series,69898,54021.0
 5 Series,26350,24978.0
 5 Series,26400,25365.0
 4 Series,24970,26248.0
 3 Series,14498,12097.0
 1 Series,10850,11166.0
 2 Series,14999,14402.0
 3 Series,8799,7809.0
 2 Series,16962,14753.0
 3 Series,16410,16424.0
 2 Series,19994,18854.0
 3 Series,13800,16073.0
 M5,73990,80986.0
 M5,65948,51859.0
 3 Series,12217,11263.0
 3 Series,14000,13370.0
 1 Series,17480,16422.0
 1 Series,7295,8623.0
 X4,34990,36399.0
 1 Series,24990,23843.0
 2 Series,17498,19349.0
 X5,73000,65533.0
 5 Series,27980,28447.0
 2 Series,10295,8293.0
 1 Series,10348,11484.0
 3 Series,18950,18547.0
 2 Series,23976,24021.0
 X5,52875,53186.0
 3 Series,17547,20035.0
 3 Series,28750,29519.0
 4 Series,27480,33071.0
 3 Series,12000,11716.0
 4 Series,26980,28761.0
 7 Series,12500,13175.0
 6 Series,22798,19587.0
 5 Series,12990,12792.0
 X1,19498,20815.0
 3 Series,18499,32688.0
 1 Series,16700,16180.0
 X3,34995,31140.0
 2 Series,29999,31859.0
 5 Series,15000,14381.0
 5 Series,30980,32616.0
 3 Series,11280,13601.0
 2 Series,18995,16259.0
 X5,47162,45136.0
 1 Series,7899,7718.0
 1 Series,24488,22560.0
 3 Series,13490,12432.0
 3 Series,29500,28675.0
 X1,7498,7525.0
 3 Series,28940,30924.0
 3 Series,9210,10944.0
 3 Series,36693,33736.0
 3 Series,12200,15057.0
 5 Series,27990,26963.0
 X5,46950,47652.0
 3 Series,23481,24868.0
 1 Series,11182,11744.0
 X3,36990,33136.0
 3 Series,27275,26726.0
 5 Series,31450,30948.0
 3 Series,11999,11294.0
 3 Series,8990,8702.0
 1 Series,24280,22883.0
 X1,22470,23089.0
 X1,25999,20961.0
 1 Series,6990,9882.0
 4 Series,30804,31755.0
 1 Series,10395,10586.0
 X2,32000,38342.0
 1 Series,10991,9903.0
 X3,31116,32903.0
 X6,19795,16361.0
 2 Series,20642,20350.0
 2 Series,5895,6901.0
 1 Series,9890,10089.0
 4 Series,20062,19494.0
 2 Series,14485,16239.0
 3 Series,11998,13144.0
 X1,20498,19267.0
 4 Series,26980,28172.0
 X5,44888,44932.0
 5 Series,16750,17002.0
 3 Series,7991,7894.0
 1 Series,12800,14105.0
 X1,27672,27868.0
 2 Series,25295,26084.0
 1 Series,16500,16954.0
 1 Series,19888,18773.0
 3 Series,11128,12719.0
 X3,34440,36947.0
 5 Series,26000,23561.0
 i8,52495,27939.0
 5 Series,22875,18348.0
 1 Series,12741,12534.0
 2 Series,19995,20069.0
 X3,12200,14905.0
 5 Series,33990,31763.0
 X5,27000,32903.0
 4 Series,21699,20369.0
 X1,17890,17799.0
 5 Series,24998,25719.0
 1 Series,18999,19137.0
 M5,58991,61360.0
 3 Series,25950,25749.0
 4 Series,28480,35077.0
 X3,19950,21241.0
 5 Series,27090,30930.0
 1 Series,20980,22568.0
 3 Series,34000,26944.0
 1 Series,13720,15387.0
 5 Series,21440,17157.0
 X5,44814,36340.0
 5 Series,15998,17455.0
 5 Series,20950,16533.0
 3 Series,10500,9101.0
 4 Series,21300,22106.0
 2 Series,11999,12337.0
 1 Series,11800,13392.0
 X1,19995,17298.0
 X1,29995,28686.0
 X3,47980,35194.0
 4 Series,22990,24488.0
 1 Series,14300,13752.0
 X2,34910,29640.0
 4 Series,18290,17229.0
 3 Series,17998,17632.0
 1 Series,6500,6852.0
 X5,49980,52098.0
 5 Series,15999,17474.0
 3 Series,20000,17913.0
 3 Series,23990,20504.0
 X3,43863,43801.0
 2 Series,23450,30518.0
 3 Series,23980,24798.0
 X5,27495,25250.0
 1 Series,20222,23751.0
 4 Series,17870,18584.0
 4 Series,21000,22441.0
 2 Series,23246,22063.0
 M2,42110,45589.0
 3 Series,12999,14805.0
 3 Series,28440,28756.0
 X6,33542,31608.0
 2 Series,19491,22269.0
 X1,18998,18920.0
 3 Series,20500,20792.0
 3 Series,15600,16965.0
 X1,30995,26420.0
 2 Series,32995,30616.0
 3 Series,16875,13642.0
 i3,21490,20254.0
 4 Series,15995,13524.0
 1 Series,8454,9165.0
 X1,19490,19056.0
 1 Series,11200,11659.0
 2 Series,21980,25518.0
 5 Series,6990,14153.0
 3 Series,27490,28652.0
 3 Series,12300,13578.0
 X5,44995,43192.0
 2 Series,22480,28158.0
 1 Series,22500,18997.0
 3 Series,25750,25841.0
 3 Series,37340,36206.0
 X1,21312,19190.0
 X3,31116,32318.0
 1 Series,18498,25288.0
 7 Series,52700,48495.0
 Z4,37975,33466.0
 1 Series,11209,10422.0
 X5,51990,55600.0
 4 Series,24450,23868.0
 1 Series,18498,18264.0
 2 Series,22395,26140.0
 X3,32822,32788.0
 1 Series,12290,13242.0
 X2,24297,26535.0
 1 Series,18440,23409.0
 3 Series,36995,34045.0
 X2,31950,28163.0
 5 Series,10100,10561.0
 1 Series,6395,6776.0
 1 Series,16270,15055.0
 X2,29375,33425.0
 5 Series,33562,27751.0
 2 Series,26481,21117.0
 4 Series,16380,15031.0
 1 Series,13700,14836.0
 6 Series,21298,20618.0
 3 Series,21972,24963.0
 5 Series,32850,25347.0
 5 Series,27875,29827.0
 1 Series,16480,14004.0
 3 Series,16745,15401.0
 3 Series,14761,13833.0
 3 Series,27450,27029.0
 X2,32740,30716.0
 3 Series,19490,18168.0
 2 Series,13799,16158.0
 4 Series,21104,22438.0
 X5,22991,14012.0
 3 Series,30995,36079.0
 3 Series,13980,13918.0
 2 Series,21980,24087.0
 M2,45980,46970.0
 2 Series,14879,14264.0
 5 Series,23898,22811.0
 3 Series,19495,17072.0
 X5,47950,50878.0
 3 Series,20998,21404.0
 X1,28500,24049.0
 1 Series,18990,18194.0
 2 Series,11500,13273.0
 X5,26495,25855.0
 4 Series,29000,26829.0
 2 Series,19898,19869.0
 4 Series,21498,22294.0
 3 Series,17901,17351.0
 3 Series,41755,42241.0
 4 Series,13999,13257.0
 X6,36000,33103.0
 2 Series,12900,15322.0
 1 Series,30240,30418.0
 2 Series,13400,14668.0
 X1,22995,21860.0
 1 Series,12980,12512.0
 4 Series,13500,11412.0
 1 Series,21995,21155.0
 1 Series,8800,10071.0
 X4,22750,19842.0
 3 Series,13275,12418.0
 5 Series,12999,13320.0
 2 Series,13000,10894.0
 3 Series,33444,30857.0
 2 Series,20990,20073.0
 X1,19500,21445.0
 Z3,14995,12016.0
 4 Series,30990,31508.0
 4 Series,23270,24868.0
 X5,40162,37012.0
 1 Series,11299,10961.0
 X3,42995,43570.0
 2 Series,8750,9651.0
 X1,13495,13220.0
 1 Series,20998,21433.0
 X1,24480,22104.0
 3 Series,26698,29559.0
 2 Series,21995,26884.0
 2 Series,13450,11806.0
 4 Series,20995,22586.0
 1 Series,14780,13553.0
 5 Series,34980,30837.0
 X1,10792,12986.0
 1 Series,13499,12962.0
 5 Series,15990,16726.0
 X1,19990,18114.0
 1 Series,14498,15464.0
 5 Series,25990,20539.0
 1 Series,24795,24605.0
 5 Series,27440,25884.0
 X1,25450,24389.0
 3 Series,13350,13215.0
 3 Series,4995,7224.0
 5 Series,17498,14769.0
 1 Series,13440,10255.0
 X1,18995,18836.0
 3 Series,10800,12528.0
 3 Series,18899,20484.0
 X5,19750,15418.0
 3 Series,19995,24170.0
 M4,48000,48343.0
 3 Series,14107,14997.0
 1 Series,30420,32879.0
 4 Series,21980,21694.0
 1 Series,11980,13543.0
 2 Series,13000,12936.0
 1 Series,27410,27087.0
 3 Series,10490,11233.0
 X3,21480,22548.0
 X5,30000,32404.0
 3 Series,36995,32182.0
 1 Series,20980,22301.0
 2 Series,15700,16078.0
 X4,22670,19984.0
 X1,28875,28333.0
 3 Series,21472,21410.0
 3 Series,8399,12148.0
 X1,14226,12801.0
 X4,41904,39301.0
 2 Series,24790,27173.0
 X3,32995,34324.0
 X5,61682,57129.0
 5 Series,28500,27446.0
 4 Series,21998,22010.0
 X2,27950,26755.0
 X1,16300,16817.0
 2 Series,20990,19901.0
 X2,28980,26082.0
 Z4,13700,13908.0
 3 Series,12490,14235.0
 4 Series,19298,19284.0
 1 Series,16000,14538.0
 X5,51950,52009.0
 X5,28140,23941.0
 5 Series,28650,30270.0
 3 Series,39390,41216.0
 1 Series,11485,17105.0
 4 Series,25762,22349.0
 2 Series,14995,14605.0
 4 Series,21064,21035.0
 1 Series,8290,9888.0
 3 Series,8999,8834.0
 X1,20450,20696.0
 3 Series,17832,16517.0
 3 Series,10695,10346.0
 4 Series,13950,14083.0
 3 Series,18980,20948.0
 3 Series,14998,17115.0
 2 Series,21480,22955.0
 2 Series,24230,26909.0
 1 Series,16200,14265.0
 3 Series,39950,47335.0
 2 Series,17484,15879.0
 X4,23500,22617.0
 3 Series,13441,12832.0
 5 Series,28980,25609.0
 5 Series,4290,3024.0
 5 Series,36450,31694.0
 5 Series,9899,10994.0
 5 Series,14090,15894.0
 3 Series,22990,30326.0
 3 Series,21232,17866.0
 M4,41980,42254.0
 5 Series,14490,14271.0
 4 Series,20462,22109.0
 X3,32450,34985.0
 X5,30999,33706.0
 3 Series,15099,15877.0
 4 Series,24800,25730.0
 X5,44850,44931.0
 X5,36995,33246.0
 3 Series,19650,17253.0
 5 Series,34550,37214.0
 3 Series,16698,16702.0
 X3,16750,17586.0
 4 Series,25950,28735.0
 3 Series,12600,14502.0
 X5,49995,49518.0
 X1,21995,16611.0
 X3,23100,21047.0
 X4,21950,21130.0
 X1,25996,22898.0
 X3,35980,29408.0
 X1,7985,8994.0
 X5,49998,47259.0
 3 Series,17000,15397.0
 M3,14950,15244.0
 3 Series,33475,32556.0
 4 Series,24975,23809.0
 5 Series,37921,30680.0
 4 Series,30450,36249.0
 5 Series,29950,26667.0
 3 Series,20599,19436.0
 4 Series,20498,20453.0
 3 Series,14980,12449.0
 7 Series,47980,42438.0
 1 Series,12100,12042.0
 X3,25990,30249.0
 2 Series,18350,18175.0
 X2,25990,36212.0
 3 Series,27995,35688.0
 X4,40999,42911.0
 3 Series,18690,15012.0
 X2,29991,27800.0
 3 Series,17240,17635.0
 4 Series,15790,16623.0
 4 Series,13000,13213.0
 3 Series,21980,21502.0
 X5,11450,11861.0
 4 Series,26875,28341.0
 X5,43716,47390.0
 3 Series,22425,22104.0
 2 Series,18890,17496.0
 1 Series,15637,14029.0
 1 Series,13491,14848.0
 X1,18187,18768.0
 3 Series,16750,14816.0
 Z4,32989,28536.0
 M2,40995,46792.0
 X3,36500,32193.0
 X2,35999,33738.0
 1 Series,31016,33457.0
 X1,26970,25501.0
 3 Series,16220,16301.0
 5 Series,15850,16308.0
 X2,30700,32002.0
 X3,34995,33624.0
 M4,49488,47941.0
 X3,54783,56132.0
 4 Series,20991,22128.0
 3 Series,28260,26365.0
 2 Series,24490,26150.0
 1 Series,15199,15753.0
 3 Series,27995,25989.0
 3 Series,24495,20609.0
 X6,36498,37844.0
 3 Series,1550,2145.0
 1 Series,14298,14100.0
 4 Series,14999,13810.0
 1 Series,15500,15314.0
 3 Series,13400,14390.0
 1 Series,11500,13826.0
 2 Series,14400,14223.0
 5 Series,12500,12762.0
 3 Series,19980,24543.0
 3 Series,19998,31238.0
 3 Series,19000,18819.0
 X5,34756,34268.0
 3 Series,13295,13921.0
 3 Series,30480,33457.0
 3 Series,18998,20853.0
 X1,8500,10226.0
 1 Series,30900,30489.0
 Z4,28500,33432.0
 2 Series,20380,21630.0
 5 Series,31480,33173.0
 3 Series,15300,15083.0
 1 Series,11250,12119.0
 1 Series,15500,14065.0
 2 Series,20980,20980.0
 3 Series,18341,20018.0
 2 Series,21975,30899.0
 3 Series,20147,25125.0
 1 Series,9440,10096.0
 2 Series,15100,14340.0
 1 Series,14499,14448.0
 2 Series,12350,13338.0
 1 Series,17052,18593.0
 X1,17988,17804.0
 5 Series,14500,14434.0
 2 Series,25000,25942.0
 5 Series,32072,29388.0
 X3,18980,20576.0
 2 Series,18990,20078.0
 1 Series,15995,22221.0
 X1,13295,13514.0
 2 Series,16490,17969.0
 3 Series,11950,11591.0
 2 Series,15690,14634.0
 X1,26990,25800.0
 3 Series,32995,33931.0
 M4,51402,44324.0
 1 Series,13700,15623.0
 X5,17990,16962.0
 X3,10800,11775.0
 3 Series,16365,16867.0
 1 Series,11741,10040.0
 4 Series,34995,31899.0
 X2,27950,26363.0
 4 Series,15499,13558.0
 1 Series,18999,23016.0
 1 Series,13500,14451.0
 3 Series,18499,17984.0
 2 Series,23750,23145.0
 X3,37990,31534.0
 5 Series,32480,31700.0
 1 Series,21500,21828.0
 X5,48090,48649.0
 3 Series,9200,9933.0
 X1,23295,22158.0
 X1,36991,32633.0
 1 Series,6990,7583.0
 4 Series,28532,30660.0
 Z4,34890,26713.0
 X1,12940,13650.0
 3 Series,13300,14126.0
 X5,51890,45992.0
 2 Series,22499,27702.0
 X3,25999,24241.0
 2 Series,18999,18678.0
 4 Series,23998,28982.0
 1 Series,8800,9219.0
 1 Series,11030,12303.0
 2 Series,15199,15823.0
 5 Series,30980,32553.0
 3 Series,18000,16436.0
 X2,38970,33836.0
 2 Series,12299,12700.0
 X3,32302,31798.0
 i3,12500,14053.0
 X1,17190,16334.0
 3 Series,28450,25819.0
 3 Series,18908,24823.0
 X2,22790,27361.0
 2 Series,23920,29238.0
 X5,43946,47354.0
 4 Series,32995,32933.0
 4 Series,20397,21518.0
 1 Series,8999,10070.0
 X7,67400,68549.0
 X4,35490,36525.0
 4 Series,17430,16398.0
 1 Series,16490,19928.0
 X4,33998,35126.0
 1 Series,19548,22787.0
 2 Series,9698,9853.0
 3 Series,11400,12672.0
 6 Series,17490,18512.0
 X1,28990,22137.0
 3 Series,10990,9097.0
 5 Series,26000,22790.0
 3 Series,15740,12785.0
 8 Series,73890,71988.0
 1 Series,15745,13998.0
 2 Series,12449,11959.0
 X1,12600,13516.0
 3 Series,27495,25404.0
 3 Series,19995,20274.0
 3 Series,29890,28460.0
 2 Series,16875,15476.0
 3 Series,30990,25418.0
 3 Series,22198,20033.0
 1 Series,17500,17609.0
 1 Series,9999,9959.0
 2 Series,25460,28217.0
 4 Series,18500,18665.0
 1 Series,10199,9480.0
 3 Series,23980,25068.0
 1 Series,17990,17419.0
 2 Series,13100,16210.0
 4 Series,19498,16826.0
 2 Series,22646,22721.0
 5 Series,13299,13329.0
 1 Series,18866,21077.0
 X1,10295,14362.0
 1 Series,11010,11128.0
 2 Series,21730,21313.0
 3 Series,29990,29781.0
 2 Series,17980,30786.0
 8 Series,59000,54740.0
 2 Series,22646,22721.0
 3 Series,38995,32434.0
 3 Series,21444,25323.0
 3 Series,11906,13326.0
 2 Series,21512,20848.0
 3 Series,30850,28014.0
 X3,57680,54989.0
 3 Series,32050,27708.0
 2 Series,22991,21902.0
 X1,27995,20813.0
 1 Series,8800,9530.0
 X5,49990,51979.0
 X1,17490,17936.0
 3 Series,31990,31041.0
 X6,69993,59290.0
 X1,26995,27349.0
 5 Series,22490,19980.0
 3 Series,42990,44382.0
 3 Series,14051,13046.0
 3 Series,4150,4823.0
 1 Series,19988,19772.0
 3 Series,51000,44803.0
 1 Series,13400,12782.0
 3 Series,14050,16540.0
 3 Series,24850,27909.0
 4 Series,27999,22844.0
 3 Series,29990,32592.0
 1 Series,9834,11746.0
 M4,35995,33860.0
 1 Series,11100,12993.0
 3 Series,25888,28970.0
 3 Series,26498,26841.0
 2 Series,15490,16035.0
 M4,49623,49044.0
 6 Series,27500,26583.0
 X3,31276,31500.0
 X3,37495,36922.0
 2 Series,13990,14453.0
 X2,23633,24848.0
 3 Series,32980,36588.0
 4 Series,36000,34040.0
 X5,45152,48417.0
 5 Series,11999,14313.0
 3 Series,28990,27649.0
 Z4,31895,30186.0
 1 Series,13477,20146.0
 2 Series,12405,11425.0
 3 Series,21800,23923.0
 X6,66290,63527.0
 1 Series,9977,10079.0
 X3,20500,20459.0
 1 Series,15500,15315.0
 3 Series,23980,24157.0
 X1,16700,17939.0
 X1,15998,14960.0
 X4,40990,41478.0
 1 Series,27750,29040.0
 1 Series,25990,29921.0
 2 Series,14298,15682.0
 2 Series,22980,22041.0
 X5,49980,49427.0
 2 Series,11800,13428.0
 2 Series,16000,17886.0
 2 Series,21300,25431.0
 3 Series,31790,32174.0
 X3,14999,12822.0
 5 Series,22990,18796.0
 2 Series,24999,23557.0
 3 Series,18000,16334.0
 1 Series,27730,26896.0
 1 Series,10699,9977.0
 4 Series,19950,16141.0
 2 Series,22594,27988.0
 3 Series,37980,39152.0
 1 Series,11100,11929.0
 3 Series,20998,24116.0
 5 Series,17450,15871.0
 5 Series,10850,10646.0
 X4,15199,12201.0
 4 Series,10695,10372.0
 1 Series,12495,13426.0
 3 Series,25490,27726.0
 3 Series,34990,27853.0
 X3,19995,19791.0
 3 Series,16500,17970.0
 X3,18991,20923.0
 1 Series,12998,11057.0
 1 Series,7990,8341.0
 4 Series,26950,26735.0
 1 Series,11000,9678.0
 1 Series,17600,17305.0
 X3,34990,35784.0
 3 Series,33995,33009.0
 3 Series,10999,11359.0
 5 Series,31232,26737.0
 X1,28940,25994.0
 4 Series,23980,24515.0
 3 Series,21000,19503.0
 4 Series,23480,26259.0
 4 Series,18430,17531.0
 2 Series,34988,35972.0
 6 Series,26420,20298.0
 X5,39988,27845.0
 3 Series,19495,18240.0
 1 Series,10490,12711.0
 X1,14999,14965.0
 2 Series,21773,23292.0
 1 Series,15800,15807.0
 1 Series,14644,14034.0
 2 Series,32271,30112.0
 5 Series,18722,18552.0
 1 Series,11499,13954.0
 4 Series,21990,20748.0
 X5,43500,42259.0
 X1,34999,30134.0
 X3,23450,20989.0
 X1,18890,19196.0
 3 Series,13995,15729.0
 3 Series,17999,20595.0
 4 Series,12490,11292.0
 3 Series,38991,27600.0
 5 Series,15495,17132.0
 X5,29450,28880.0
 X3,12490,11128.0
 2 Series,21000,21324.0
 X5,36898,34004.0
 X3,31800,34033.0
 X3,18699,19686.0
 3 Series,11490,11245.0
 X1,18101,17638.0
 3 Series,10950,12515.0
 2 Series,16980,18765.0
 X5,12995,10026.0
 1 Series,8690,9605.0
 1 Series,11180,10036.0
 1 Series,18440,20633.0
 X3,54980,56142.0
 X3,9549,11793.0
 X6,56995,54782.0
 5 Series,31030,23292.0
 1 Series,20875,20267.0
 3 Series,25940,27363.0
 3 Series,33995,34451.0
 X5,54900,53186.0
 1 Series,14490,10098.0
 3 Series,17980,19284.0
 2 Series,21980,24492.0
 X7,69940,64988.0
 1 Series,8000,9585.0
 1 Series,23750,24043.0
 3 Series,31990,29014.0
 4 Series,20892,19090.0
 1 Series,8990,10545.0
 3 Series,12295,11994.0
 X5,51990,49940.0
 4 Series,25070,25728.0
 3 Series,19495,18353.0
 X1,27780,29025.0
 5 Series,33980,33125.0
 1 Series,17975,16229.0
 3 Series,15690,16041.0
 i3,18999,20394.0
 6 Series,33999,30228.0
 5 Series,18990,17022.0
 5 Series,22900,25433.0
 4 Series,32991,28183.0
 1 Series,30123,30916.0
 1 Series,11799,11966.0
 5 Series,34995,35294.0
 1 Series,20995,20589.0
 3 Series,23980,28180.0
 X1,22310,20863.0
 X1,24775,20931.0
 X6,59990,54797.0
 X5,41500,36970.0
 1 Series,13295,18972.0
 1 Series,12800,12124.0
 4 Series,14990,14963.0
 2 Series,20450,17171.0
 3 Series,11000,10205.0
 4 Series,26800,26126.0
 X1,10999,13335.0
 1 Series,25323,22477.0
 2 Series,18580,24629.0
 4 Series,24522,24524.0
 X1,21800,22563.0
 X3,14100,16965.0
 2 Series,21773,23292.0
 3 Series,29464,26958.0
 4 Series,24662,21919.0
 X1,18995,17631.0
 X4,41980,45891.0
 X1,12901,10629.0
 3 Series,20500,21390.0
 X4,22795,20481.0
 X2,28226,26347.0
 3 Series,25940,26041.0
 2 Series,10500,11726.0
 2 Series,15952,14395.0
 Z4,31350,31190.0
 2 Series,16498,18937.0
 3 Series,14399,15476.0
 3 Series,42995,45478.0
 1 Series,14750,16046.0
 1 Series,9995,11141.0
 5 Series,13990,13994.0
 2 Series,17990,20340.0
 4 Series,27980,31705.0
 1 Series,10999,11942.0
 3 Series,10399,11569.0
 5 Series,13000,12395.0
 4 Series,22470,23014.0
 4 Series,27000,28413.0
 1 Series,7400,10434.0
 6 Series,9495,9498.0
 X5,16500,16485.0
 3 Series,8500,7655.0
 X3,24400,20545.0
 2 Series,19980,22280.0
 X6,61854,60945.0
 1 Series,19999,19016.0
 2 Series,23875,21724.0
 2 Series,13591,14344.0
 2 Series,27990,28623.0
 4 Series,10991,11201.0
 2 Series,17000,17773.0
 2 Series,10990,11892.0
 1 Series,14991,14349.0
 1 Series,21990,18230.0
 X4,40775,46786.0
 X1,25995,23596.0
 5 Series,31990,32420.0
 3 Series,10591,10991.0
 4 Series,13999,12120.0
 4 Series,27500,26359.0
 5 Series,27698,25872.0
 1 Series,17595,18431.0
 2 Series,22753,21596.0
 2 Series,14220,17025.0
 1 Series,15989,16576.0
 3 Series,24988,24197.0
 1 Series,13300,12613.0
 3 Series,13995,10424.0
 3 Series,19836,21781.0
 3 Series,17998,19444.0
 4 Series,28980,34410.0
 4 Series,18790,18588.0
 3 Series,16195,15664.0
 1 Series,12498,11832.0
 1 Series,10350,11999.0
 2 Series,11698,16013.0
 1 Series,12999,14220.0
 2 Series,15950,11722.0
 1 Series,10998,10062.0
 3 Series,23298,25581.0
 3 Series,18300,19059.0
 5 Series,17659,16809.0
 3 Series,33570,34855.0
 2 Series,19999,19391.0
 4 Series,27970,26233.0
 3 Series,22790,26885.0
 X3,36750,36428.0
 2 Series,13900,13289.0
 1 Series,8999,8800.0
 2 Series,24626,23292.0
 1 Series,11500,11559.0
 1 Series,12995,10796.0
 X5,32990,30548.0
 1 Series,30995,31583.0
 3 Series,21242,19237.0
 4 Series,16998,14184.0
 2 Series,28995,29830.0
 X3,13100,12975.0
 M5,59973,52277.0
 2 Series,19990,24368.0
 5 Series,30890,25069.0
 1 Series,16500,19867.0
 1 Series,9400,10123.0
 3 Series,17399,19001.0
 1 Series,13998,14169.0
 X6,61895,56028.0
 X3,37830,35869.0
 4 Series,22450,28180.0
 3 Series,8800,10310.0
 3 Series,6495,8156.0
 1 Series,22390,22200.0
 4 Series,33495,28354.0
 3 Series,28998,28607.0
 5 Series,16498,17457.0
 4 Series,12789,14688.0
 X2,27685,28535.0
 4 Series,16900,20751.0
 2 Series,28000,28077.0
 3 Series,10990,11368.0
 X3,32490,32795.0
 X2,31991,24330.0
 8 Series,53980,50419.0
 6 Series,19990,18829.0
 3 Series,15000,21133.0
 2 Series,23500,25999.0
 1 Series,26390,24184.0
 3 Series,13987,14379.0
 5 Series,8500,10414.0
 2 Series,20980,21059.0
 5 Series,39995,34295.0
 2 Series,14750,16417.0
 5 Series,23500,25125.0
 1 Series,9991,9592.0
 4 Series,21500,26960.0
 4 Series,17920,19081.0
 2 Series,25404,25475.0
 3 Series,9400,10822.0
 1 Series,10999,10013.0
 X3,31000,30474.0
 3 Series,13400,14103.0
 4 Series,32170,30547.0
 X5,49750,47754.0
 3 Series,3493,4285.0
 3 Series,6295,5174.0
 4 Series,20998,19941.0
 4 Series,29995,25021.0
 X7,69146,55295.0
 4 Series,17310,16564.0
 X3,35000,35033.0
 3 Series,14100,13158.0
 3 Series,24591,25523.0
 X1,24490,23156.0
 1 Series,28975,31057.0
 1 Series,13500,13909.0
 1 Series,6990,7925.0
 5 Series,32995,27997.0
 3 Series,27900,23708.0
 X4,43990,30872.0
 5 Series,13500,13830.0
 X3,35000,33349.0
 5 Series,26495,20066.0
 2 Series,22650,27431.0
 X2,44980,30233.0
 X1,19540,17415.0
 X5,21000,22537.0
 2 Series,14995,16532.0
 3 Series,28497,30651.0
 4 Series,31980,31899.0
 3 Series,13298,10850.0
 X6,58990,54671.0
 X7,71000,73530.0
 4 Series,20499,20139.0
 3 Series,12000,12407.0
 X1,21050,20669.0
 2 Series,21499,20833.0
 3 Series,5999,6349.0
 3 Series,11300,12251.0
 1 Series,7740,8273.0
 2 Series,21000,20693.0
 X3,34999,26652.0
 2 Series,31990,41326.0
 5 Series,35840,36832.0
 5 Series,19676,19518.0
 3 Series,12300,15732.0
 3 Series,15570,16573.0
 i3,14495,17938.0
 3 Series,15291,16259.0
 1 Series,15989,16690.0
 2 Series,16780,15189.0
 3 Series,18788,17281.0
 3 Series,10000,10583.0
 3 Series,27995,26406.0
 X1,20000,20803.0
 X3,13000,13337.0
 X1,29480,30568.0
 1 Series,17890,18517.0
 1 Series,14450,19345.0
 X6,29995,27141.0
 3 Series,18991,19358.0
 1 Series,9795,12648.0
 Z4,33990,31974.0
 1 Series,9981,11974.0
 4 Series,23750,26293.0
 1 Series,23940,25706.0
 5 Series,13990,13775.0
 X2,24543,27883.0
 2 Series,20450,26044.0
 4 Series,30532,31445.0
 1 Series,10899,12206.0
 1 Series,3350,4790.0
 X7,64400,64355.0
 3 Series,16990,16141.0
 5 Series,19998,20796.0
 1 Series,21995,21483.0
 X5,46990,49666.0
 5 Series,22350,19881.0
 1 Series,13639,13985.0
 1 Series,30440,33096.0
 X5,24990,21017.0
 X3,34440,35249.0
 6 Series,27000,34361.0
 1 Series,14990,17682.0
 X2,34999,33416.0
 1 Series,15000,15180.0
 X4,60995,68390.0
 3 Series,33285,32966.0
 X3,15500,16690.0
 3 Series,24995,25421.0
 X5,27581,27327.0
 3 Series,16000,18648.0
 X1,13500,11992.0
 1 Series,13100,13376.0
 X1,20295,19352.0
 2 Series,31820,28912.0
 2 Series,19480,20120.0
 X5,33698,35759.0
 3 Series,33990,29253.0
 1 Series,11490,14267.0
 M5,70000,71574.0
 X1,16991,17473.0
 5 Series,39995,37076.0
 2 Series,19500,20414.0
 X1,24950,25315.0
 2 Series,24995,29332.0
 5 Series,23495,19576.0
 5 Series,27500,28294.0
 1 Series,8490,8636.0
 1 Series,11950,11167.0
 5 Series,12200,13355.0
 3 Series,11000,11763.0
 X1,25450,21123.0
 1 Series,12741,15835.0
 1 Series,16475,15072.0
 4 Series,39891,34262.0
 3 Series,11199,9751.0
 1 Series,15700,14874.0
 5 Series,24470,20352.0
 2 Series,22999,23796.0
 3 Series,23975,24976.0
 3 Series,16000,15001.0
 X4,39950,46776.0
 X3,31980,31798.0
 3 Series,19899,18836.0
 3 Series,18980,17860.0
 2 Series,15250,19423.0
 2 Series,21980,36795.0
 2 Series,17950,21185.0
 1 Series,18498,18763.0
 2 Series,13900,13574.0
 M4,46000,52385.0
 3 Series,21875,20610.0
 3 Series,27995,27591.0
 X1,9380,9319.0
 3 Series,9990,11736.0
 X1,15995,15247.0
 1 Series,13995,14866.0
 3 Series,11180,12336.0
 X4,36900,44641.0
 3 Series,23999,25503.0
 X2,25936,32250.0
 1 Series,34990,27532.0
 2 Series,26095,21238.0
 2 Series,20495,20140.0
 3 Series,21590,21588.0
 X1,32495,30687.0
 5 Series,13500,14220.0
 5 Series,15850,15744.0
 4 Series,21216,20243.0
 X2,27490,29174.0
 3 Series,29450,26840.0
 M4,59995,46614.0
 2 Series,19990,24430.0
 6 Series,23750,22772.0
 5 Series,44190,38843.0
 4 Series,14000,14476.0
 3 Series,15899,16083.0
 2 Series,10400,11315.0
 3 Series,11471,13962.0
 3 Series,12950,12328.0
 5 Series,14990,15349.0
 2 Series,13400,15796.0
 1 Series,11000,10182.0
 X3,36999,33236.0
 1 Series,8990,9215.0
 1 Series,9099,8727.0
 3 Series,14982,14014.0
 3 Series,11970,11928.0
 2 Series,28655,21953.0
 2 Series,22152,21223.0
 1 Series,9270,9820.0
 3 Series,24450,27405.0
 4 Series,17990,17151.0
 X3,34222,34506.0
 X7,67990,55041.0
 3 Series,17290,19063.0
 4 Series,23895,21043.0
 X5,15490,14928.0
 1 Series,23770,20147.0
 4 Series,24250,25913.0
 X1,16995,17734.0
 6 Series,29875,26612.0
 1 Series,20698,21850.0
 3 Series,14500,14621.0
 4 Series,14799,19067.0
 4 Series,14995,13520.0
 X2,31310,30324.0
 2 Series,21376,19542.0
 1 Series,17912,16196.0
 2 Series,18299,19095.0
 3 Series,16995,15349.0
 2 Series,22646,22721.0
 5 Series,25980,23087.0
 5 Series,10000,10224.0
 1 Series,11799,12718.0
 X5,24000,24057.0
 1 Series,12299,12558.0
 5 Series,28988,27313.0
 3 Series,11990,11690.0
 2 Series,23980,25559.0
 X1,23980,19931.0
 X4,20600,22390.0
 3 Series,16199,17177.0
 5 Series,15995,14293.0
 5 Series,22000,17468.0
 X2,32000,34132.0
 3 Series,16899,15812.0
 4 Series,32087,26682.0
 2 Series,24990,25634.0
 4 Series,15780,15798.0
 X1,20000,19449.0
 4 Series,21000,21684.0
 X1,18000,16862.0
 X6,40322,38996.0
 3 Series,15500,15103.0
 2 Series,18991,25680.0
 3 Series,12700,15351.0
 5 Series,16890,16792.0
 1 Series,14951,14571.0
 3 Series,21995,23171.0
 3 Series,13990,14816.0
 3 Series,13000,12109.0
 2 Series,29995,31311.0
 4 Series,18860,16330.0
 X3,18990,23999.0
 4 Series,17782,15055.0
 2 Series,15999,16911.0
 1 Series,14015,12770.0
 2 Series,29000,22992.0
 1 Series,14066,13626.0
 3 Series,43880,38689.0
 1 Series,10999,13122.0
 X1,26450,26697.0
 3 Series,33995,33936.0
 3 Series,15000,12878.0
 4 Series,27989,30300.0
 X1,20950,22255.0
 1 Series,19991,22593.0
 X4,44899,46266.0
 X3,54999,59414.0
 4 Series,17199,16347.0
 3 Series,3490,4646.0
 2 Series,20000,21595.0
 5 Series,34500,34289.0
 3 Series,27980,26062.0
 1 Series,11001,11055.0
 X5,48302,48262.0
 X2,34450,36275.0
 X1,14940,14387.0
 1 Series,10790,11580.0
 X3,34882,34789.0
 4 Series,14299,11669.0
 3 Series,6490,6353.0
 3 Series,18555,17476.0
 X1,11995,11798.0
 X1,19158,20503.0
 2 Series,14995,16020.0
 X2,29980,33922.0
 X1,9530,10895.0
 X4,20000,19451.0
 3 Series,10499,11161.0
 1 Series,23995,23430.0
 X6,31995,26372.0
 6 Series,26976,32895.0
 3 Series,11298,11157.0
 X2,27000,30280.0
 4 Series,17999,18556.0
 1 Series,20480,20655.0
 2 Series,21980,34943.0
 5 Series,23500,21701.0
 3 Series,6290,6857.0
 3 Series,7495,9349.0
 3 Series,29999,24878.0
 1 Series,14500,18318.0
 4 Series,16600,15870.0
 X3,23499,22546.0
 3 Series,34995,33610.0
 5 Series,18759,20038.0
 3 Series,17998,16717.0
 4 Series,23440,26676.0
 X3,69991,67726.0
 5 Series,4250,7627.0
 1 Series,7450,7297.0
 4 Series,16440,14034.0
 X3,14000,13984.0
 4 Series,27950,32858.0
 3 Series,33475,26227.0
 X1,22999,18364.0
 5 Series,42650,35311.0
 2 Series,15998,19160.0
 X3,35995,29893.0
 5 Series,12490,11582.0
 X1,17298,17362.0
 1 Series,29490,31241.0
 5 Series,31995,27761.0
 X3,30900,33656.0
 1 Series,10400,11098.0
 X4,34999,35507.0
 X2,26980,29066.0
 5 Series,22998,20496.0
 3 Series,7500,6917.0
 X2,26972,26972.0
 5 Series,29555,26893.0
 X4,34000,29090.0
 5 Series,16700,18043.0
 1 Series,21880,21369.0
 X1,7640,8788.0
 3 Series,32990,28773.0
 X1,12990,14017.0
 1 Series,33150,24760.0
 3 Series,13787,15829.0
 3 Series,13350,13880.0
 1 Series,13500,15753.0
 X1,19790,20725.0
 1 Series,6000,7831.0
 2 Series,21980,20811.0
 5 Series,41070,32884.0
 3 Series,16799,16954.0
 2 Series,22991,21569.0
 3 Series,10995,10347.0
 3 Series,14999,18954.0
 3 Series,15349,15118.0
 X2,29770,30266.0
 3 Series,33999,34776.0
 3 Series,9975,11674.0
 3 Series,21998,21301.0
 X4,39480,59936.0
 M6,12495,13774.0
 5 Series,17498,19358.0
 2 Series,15450,17587.0
 7 Series,36450,31388.0
 1 Series,10599,12081.0
 X1,21480,21618.0
 2 Series,21850,23807.0
 3 Series,12300,15258.0
 X5,19991,20280.0
 1 Series,12750,13361.0
 3 Series,18858,17026.0
 3 Series,15790,15598.0
 3 Series,13998,13838.0
 3 Series,16600,16327.0
 1 Series,20875,20867.0
 2 Series,12000,11339.0
 1 Series,13700,14439.0
 5 Series,26990,29167.0
 X7,74990,73753.0
 3 Series,12998,12539.0
 1 Series,11995,31777.0
 7 Series,48995,47914.0
 1 Series,11991,14133.0
 4 Series,30995,30340.0
 X3,31449,32403.0
 X7,67950,73449.0
 3 Series,24775,24468.0
 1 Series,12500,13469.0
 X2,29374,33425.0
 6 Series,34490,30949.0
 3 Series,19450,19785.0
 1 Series,15199,16675.0
 3 Series,28450,26514.0
 4 Series,33890,34583.0
 3 Series,18500,17361.0
 X2,19240,23651.0
 X4,47541,38941.0
 4 Series,17799,19814.0
 4 Series,21000,20338.0
 5 Series,26800,25459.0
 4 Series,22995,28070.0
 1 Series,22000,20255.0
 X1,19875,20491.0
 2 Series,27995,28561.0
 4 Series,25771,25604.0
 X1,23485,23482.0
 X3,21480,22468.0
 4 Series,22690,25125.0
 4 Series,15500,16228.0
 X2,23975,24883.0
 3 Series,16698,20558.0
 2 Series,21945,20502.0
 2 Series,23322,22721.0
 X5,23491,16351.0
 4 Series,17950,17771.0
 3 Series,17399,19613.0
 4 Series,20604,17407.0
 3 Series,22998,30489.0
 4 Series,25453,26665.0
 Z4,38850,48280.0
 X5,22950,20543.0
 3 Series,4990,4775.0
 X1,19085,18115.0
 Z4,12495,9738.0
 X2,29770,30266.0
 M4,43500,64705.0
 1 Series,9290,10279.0
 X1,26600,26523.0
 3 Series,20875,20686.0
 1 Series,14300,15043.0
 X1,19572,16478.0
 1 Series,31495,31353.0
 4 Series,24607,28391.0
 5 Series,17080,17508.0
 2 Series,26995,28409.0
 X5,54750,57290.0
 3 Series,12390,12012.0
 5 Series,16250,14495.0
 X1,19850,18281.0
 1 Series,9400,12740.0
 5 Series,6995,9322.0
 5 Series,15599,14736.0
 X3,19950,19331.0
 4 Series,14800,16516.0
 3 Series,30995,28855.0
 X1,13750,14745.0
 4 Series,23750,26015.0
 3 Series,17000,16913.0
 3 Series,13500,15689.0
 3 Series,20900,21953.0
 3 Series,21300,20191.0
 3 Series,19490,17438.0
 X1,16000,11598.0
 1 Series,14995,16986.0
 2 Series,25660,25560.0
 7 Series,17950,18786.0
 2 Series,23450,20815.0
 5 Series,24908,20049.0
 4 Series,26950,32123.0
 4 Series,20499,23037.0
 5 Series,30000,28944.0
 3 Series,15000,14495.0
 X5,48000,48722.0
 1 Series,11750,15009.0
 X5,48980,46324.0
 3 Series,10600,13433.0
 1 Series,12200,12595.0
 5 Series,16998,17601.0
 1 Series,16770,16458.0
 3 Series,8995,9512.0
 5 Series,31444,28338.0
 5 Series,33850,34550.0
 X3,14999,14347.0
 Z4,15980,14546.0
 1 Series,17995,16293.0
 2 Series,21980,22260.0
 4 Series,23798,27089.0
 2 Series,20999,25433.0
 X1,17980,16775.0
 2 Series,36771,33186.0
 X1,24980,26699.0
 5 Series,10795,10784.0
 4 Series,26750,25980.0
 X1,17700,16546.0
 2 Series,23150,29599.0
 3 Series,24480,25678.0
 5 Series,34502,24644.0
 5 Series,11700,13224.0
 5 Series,22695,19994.0
 3 Series,14999,13780.0
 5 Series,21900,15988.0
 4 Series,16000,13239.0
 5 Series,29850,27763.0
 4 Series,18899,21648.0
 3 Series,13100,13092.0
 2 Series,10999,14154.0
 3 Series,32890,31632.0
 5 Series,29450,27956.0
 5 Series,14600,16050.0
 3 Series,12890,12706.0
 X3,17380,18566.0
 2 Series,34950,20621.0
 1 Series,17998,19067.0
 Z4,28450,28284.0
 2 Series,22994,22136.0
 X5,27500,30070.0
 7 Series,49990,37492.0
 1 Series,18480,15972.0
 1 Series,9699,10217.0
 5 Series,29000,25383.0
 2 Series,17000,16656.0
 5 Series,21720,19383.0
 5 Series,34900,30416.0
 1 Series,13800,15493.0
 4 Series,28697,31979.0
 X3,18950,21527.0
 X1,23700,29299.0
 1 Series,18450,19733.0
 2 Series,23441,23064.0
 3 Series,28495,28807.0
 1 Series,15999,19902.0
 5 Series,11295,10638.0
 3 Series,17940,18559.0
 X3,17899,23033.0
 4 Series,24970,26248.0
 1 Series,14099,15225.0
 M5,68850,71950.0
 4 Series,15991,16208.0
 3 Series,33250,34019.0
 X1,16780,14611.0
 1 Series,14990,14923.0
 4 Series,18990,20739.0
 3 Series,31990,29175.0
 2 Series,12999,12744.0
 4 Series,19000,18771.0
 i3,14182,20011.0
 5 Series,35793,27955.0
 X2,27990,28020.0
 3 Series,40602,40098.0
 2 Series,17299,18467.0
 X1,27995,27713.0
 M4,32998,33732.0
 1 Series,3500,4118.0
 1 Series,11497,14050.0
 X5,45840,44504.0
 3 Series,12999,13300.0
 2 Series,29995,29765.0
 1 Series,19998,22994.0
 1 Series,21832,21631.0
 3 Series,6995,7843.0
 3 Series,12475,12417.0
 X3,3495,2284.0
 3 Series,27195,29048.0
 X1,31280,31623.0
 3 Series,14972,14390.0
 5 Series,29441,30265.0
 3 Series,17980,18652.0
 6 Series,34442,32806.0
 Z4,31990,29040.0
 3 Series,24275,23464.0
 X5,46440,49063.0
 3 Series,19940,18914.0
 3 Series,20197,23424.0
 X3,22450,23726.0
 1 Series,32000,30525.0
 X4,31995,35818.0
 1 Series,10250,10683.0
 2 Series,19776,20256.0
 2 Series,12700,14225.0
 2 Series,24690,26694.0
 X1,16900,17147.0
 4 Series,29888,29103.0
 X2,28266,29284.0
 M4,41945,45817.0
 5 Series,21295,17939.0
 2 Series,26490,27657.0
 X1,18502,21982.0
 1 Series,17998,17885.0
 1 Series,10250,11011.0
 4 Series,16750,15864.0
 5 Series,30991,32553.0
 X1,10299,13557.0
 4 Series,18498,19313.0
 4 Series,15999,17059.0
 1 Series,17500,16084.0
 Z4,32449,28472.0
 3 Series,12579,13754.0
 2 Series,13790,17307.0
 1 Series,9349,9297.0
 4 Series,24980,24297.0
 1 Series,25950,21390.0
 4 Series,23990,23730.0
 3 Series,13960,17562.0
 4 Series,16507,17024.0
 5 Series,21857,18711.0
 Z4,29980,32520.0
 3 Series,30650,26435.0
 1 Series,20450,22466.0
 4 Series,29995,30023.0
 1 Series,11399,9933.0
 M4,28500,30665.0
 1 Series,20481,22586.0
 1 Series,14799,16500.0
 1 Series,16990,17892.0
 5 Series,29990,27871.0
 Z4,30969,30217.0
 5 Series,33500,32250.0
 2 Series,21975,18632.0
 1 Series,14898,18494.0
 5 Series,13440,12673.0
 3 Series,24488,22847.0
 1 Series,19845,21604.0
 i8,67940,69403.0
 3 Series,15490,17207.0
 1 Series,9600,12907.0
 4 Series,20480,22675.0
 1 Series,13995,12772.0
 3 Series,14475,14721.0
 5 Series,26566,26439.0
 3 Series,13990,12500.0
 5 Series,14000,12186.0
 3 Series,19490,19665.0
 X5,23800,24837.0
 X1,21999,16208.0
 3 Series,11001,10415.0
 5 Series,14959,14368.0
 1 Series,18395,24608.0
 2 Series,9799,10939.0
 4 Series,29000,31277.0
 3 Series,14400,14518.0
 1 Series,11498,11147.0
 4 Series,20217,17127.0
 X3,35215,33428.0
 1 Series,14030,13756.0
 1 Series,27988,24718.0
 1 Series,11000,10871.0
 1 Series,31998,30451.0
 3 Series,17498,17686.0
 X5,49995,49254.0
 1 Series,10400,11351.0
 1 Series,13490,15220.0
 2 Series,26441,49338.0
 X1,24800,25560.0
 3 Series,9295,9703.0
 3 Series,22495,20805.0
 3 Series,27995,29192.0
 2 Series,21945,22439.0
 2 Series,19555,24464.0
 2 Series,21990,21281.0
 X1,24474,21517.0
 X2,33400,32920.0
 5 Series,9690,9190.0
 3 Series,15620,20971.0
 3 Series,19900,18778.0
 1 Series,17498,23212.0
 3 Series,28295,29991.0
 3 Series,16276,15335.0
 4 Series,17500,14944.0
 3 Series,33990,34460.0
 3 Series,28990,28981.0
 3 Series,13988,16106.0
 5 Series,20490,20837.0
 3 Series,19950,16531.0
 1 Series,13091,13438.0
 1 Series,10490,10961.0
 1 Series,11990,13476.0
 X3,19795,25008.0
 7 Series,5200,4043.0
 7 Series,46898,47811.0
 2 Series,19975,31555.0
 1 Series,16790,15794.0
 5 Series,27488,25399.0
 5 Series,22600,22559.0
 3 Series,18898,18588.0
 3 Series,27372,28360.0
 3 Series,22980,22393.0
 6 Series,26580,24789.0
 X1,19000,18971.0
 5 Series,38995,28708.0
 1 Series,15250,16238.0
 2 Series,21274,19013.0
 3 Series,14887,17073.0
 X1,10995,13152.0
 X2,19999,19946.0
 1 Series,14998,14998.0
 X1,16999,19408.0
 X3,32509,34138.0
 4 Series,24990,28107.0
 X4,34950,35685.0
 2 Series,14990,12472.0
 2 Series,17995,23331.0
 M4,53988,50529.0
 5 Series,29995,23179.0
 3 Series,12795,13402.0
 2 Series,11499,11512.0
 1 Series,12700,12634.0
 5 Series,30995,28496.0
 1 Series,18999,19339.0
 5 Series,14299,13977.0
 X1,20991,19756.0
 X3,38000,42455.0
 2 Series,12000,12149.0
 1 Series,31990,30405.0
 3 Series,9195,9363.0
 4 Series,22380,27023.0
 1 Series,19490,19114.0
 2 Series,16470,15684.0
 M4,44988,50119.0
 3 Series,21498,20798.0
 Z4,35995,30384.0
 2 Series,20980,20980.0
 1 Series,14000,13384.0
 1 Series,19498,19560.0
 M4,53999,40293.0
 1 Series,10490,12115.0
 1 Series,17499,18462.0
 4 Series,25160,25977.0
 X5,57950,66832.0
 1 Series,15980,16840.0
 3 Series,30326,33682.0
 M4,30485,32807.0
 1 Series,7340,7710.0
 1 Series,15490,13758.0
 1 Series,29680,28897.0
 1 Series,17995,16586.0
 5 Series,21470,17066.0
 3 Series,20706,20179.0
 3 Series,27850,29891.0
 X3,20898,19017.0
 5 Series,12000,10264.0
 X3,31995,33374.0
 5 Series,16600,16574.0
 6 Series,28990,29564.0
 X3,47000,53455.0
 2 Series,21890,22270.0
 1 Series,7990,7283.0
 3 Series,23298,26106.0
 3 Series,17480,18801.0
 X3,18000,20751.0
 X1,34999,27732.0
 X3,7495,5102.0
 5 Series,28995,29709.0
 2 Series,13000,14637.0
 3 Series,31450,29311.0
 X1,25999,27245.0
 2 Series,15750,21148.0
 1 Series,10999,10793.0
 5 Series,11990,12082.0
 3 Series,16600,17322.0
 M4,26499,31862.0
 1 Series,16888,17204.0
 1 Series,18298,18249.0
 2 Series,17998,17096.0
 3 Series,34875,32020.0
 X1,28190,27793.0
 X1,18700,18993.0
 3 Series,28710,22382.0
 X4,19290,18008.0
 3 Series,35230,34722.0
 X3,11500,10483.0
 X4,24999,21924.0
 1 Series,12222,12584.0
 2 Series,20860,20150.0
 4 Series,14000,13704.0
 X5,51990,51908.0
 2 Series,17240,17632.0
 3 Series,15450,14106.0
 X5,25995,24877.0
 1 Series,16117,17884.0
 2 Series,22475,25143.0
 5 Series,6980,5688.0
 3 Series,13260,14800.0
 3 Series,11000,11548.0
 3 Series,28440,27307.0
 3 Series,12000,13817.0
 5 Series,41995,31614.0
 X1,17200,18012.0
 3 Series,20990,18912.0
 5 Series,19500,17759.0
 X2,28988,28098.0
 1 Series,15698,21341.0
 5 Series,10490,10117.0
 1 Series,11100,11295.0
 4 Series,17495,16346.0
 3 Series,18995,19824.0
 X1,15000,12429.0
 3 Series,34995,33610.0
 3 Series,39995,42476.0
 6 Series,24499,27226.0
 4 Series,23850,22328.0
 3 Series,17500,18145.0
 5 Series,27000,25992.0
 7 Series,46990,47988.0
 1 Series,32541,27451.0
 3 Series,22850,32385.0
 3 Series,13980,13375.0
 1 Series,15989,16690.0
 5 Series,18000,16564.0
 X3,16900,19257.0
 3 Series,12237,12124.0
 2 Series,13950,15516.0
 3 Series,24950,24819.0
 5 Series,32250,31834.0
 5 Series,13900,14046.0
 3 Series,17480,18803.0
 2 Series,14990,11544.0
 2 Series,20875,21081.0
 1 Series,25980,27410.0
 1 Series,26991,24310.0
 X1,35040,34191.0
 1 Series,15498,19342.0
 1 Series,19498,22456.0
 X5,50980,46977.0
 X3,20500,19513.0
 1 Series,20999,17107.0
 2 Series,24940,30221.0
 1 Series,15800,16054.0
 Z4,31000,34075.0
 5 Series,27990,29152.0
 4 Series,24480,24268.0
 X5,26000,29259.0
 3 Series,14200,18384.0
 5 Series,24397,26240.0
 3 Series,23990,24520.0
 3 Series,33950,27828.0
 2 Series,23870,27775.0
 X1,14930,12165.0
 7 Series,48898,50331.0
 1 Series,7940,8296.0
 1 Series,21490,21417.0
 1 Series,13888,14189.0
 1 Series,8999,8618.0
 3 Series,24990,26935.0
 1 Series,15391,14588.0
 3 Series,15000,13850.0
 4 Series,19950,15544.0
 X1,29500,29989.0
 X1,16000,15302.0
 3 Series,13941,13450.0
 3 Series,11470,9707.0
 4 Series,17000,16612.0
 7 Series,30998,24607.0
 1 Series,10499,11194.0
 4 Series,16807,14598.0
 X5,69995,67595.0
 7 Series,47990,41460.0
 2 Series,25480,29062.0
 1 Series,21498,21351.0
 1 Series,9490,12453.0
 3 Series,12800,12660.0
 1 Series,21498,21602.0
 M4,76990,40670.0
 X2,25490,24597.0
 4 Series,15500,15956.0
 X3,39991,31675.0
 1 Series,14880,14450.0
 X3,26001,24471.0
 X3,40661,36306.0
 3 Series,2675,4007.0
 3 Series,17400,15931.0
 3 Series,28500,28625.0
 1 Series,14995,13405.0
 X5,49980,48421.0
 3 Series,12245,13752.0
 1 Series,26495,29580.0
 4 Series,35999,28180.0
 4 Series,24975,26995.0
 3 Series,17490,18316.0
 5 Series,22601,18213.0
 X1,12685,9979.0
 1 Series,14610,17042.0
 1 Series,12998,12753.0
 X1,11950,13148.0
 2 Series,22875,21925.0
 1 Series,15490,15692.0
 1 Series,15991,14368.0
 3 Series,16775,15768.0
 2 Series,15499,16952.0
 7 Series,13999,16626.0
 3 Series,37940,41205.0
 8 Series,57000,59417.0
 5 Series,22898,21095.0
 1 Series,15280,14120.0
 4 Series,14291,12877.0
 4 Series,20945,25007.0
 1 Series,12399,14390.0
 4 Series,21500,22564.0
 X1,20980,20591.0
 X2,24980,28831.0
 1 Series,10600,10497.0
 4 Series,25995,28863.0
 3 Series,17799,20718.0
 1 Series,19950,20170.0
 2 Series,28890,27875.0
 4 Series,21290,21812.0
 1 Series,11700,14372.0
 3 Series,12298,13079.0
 1 Series,13298,15286.0
 5 Series,22119,20104.0
 3 Series,12795,12120.0
 3 Series,9900,10188.0
 1 Series,8400,9263.0
 4 Series,27500,28429.0
 X4,23700,21810.0
 1 Series,22490,21634.0
 1 Series,21988,21432.0
 3 Series,22480,25663.0
 5 Series,14499,12926.0
 1 Series,23000,23328.0
 3 Series,17541,16865.0
 5 Series,33890,35207.0
 1 Series,11100,13016.0
 X2,22111,20488.0
 3 Series,14000,15722.0
 5 Series,37376,37707.0
 2 Series,20980,25066.0
 1 Series,9999,8258.0
 5 Series,13254,13246.0
 3 Series,35995,37047.0
 2 Series,16950,15218.0
 1 Series,9300,9597.0
 5 Series,29898,28069.0
 1 Series,19999,20617.0
 4 Series,25320,25792.0
 5 Series,13995,12438.0
 1 Series,23780,24242.0
 3 Series,9489,9818.0
 5 Series,25498,22456.0
 2 Series,19780,21479.0
 X5,43796,46572.0
 4 Series,18499,17321.0
 3 Series,22500,20891.0
 4 Series,14999,14463.0
 4 Series,23480,26844.0
 3 Series,10950,10705.0
 3 Series,23250,22631.0
 3 Series,27990,31446.0
 1 Series,17490,15171.0
 1 Series,18998,18550.0
 3 Series,26450,29169.0
 X2,20306,22187.0
 4 Series,23450,26761.0
 5 Series,16495,12777.0
 5 Series,28380,26422.0
 5 Series,15000,12325.0
 3 Series,19000,20589.0
 5 Series,23998,16757.0
 1 Series,19950,26497.0
 2 Series,19500,22681.0
 1 Series,19950,19589.0
 4 Series,24450,24245.0
 5 Series,19990,19931.0
 Z3,5950,4731.0
 X6,59991,55435.0
 3 Series,9985,7931.0
 X5,28995,26249.0
 7 Series,14798,15755.0
 3 Series,27472,25855.0
 1 Series,13442,11799.0
 X1,25480,29740.0
 1 Series,18897,19450.0
 3 Series,23298,23354.0
 4 Series,22275,21955.0
 3 Series,27492,31110.0
 3 Series,33875,30163.0
 3 Series,13252,11287.0
 3 Series,14500,15488.0
 5 Series,31775,28288.0
 3 Series,17200,17182.0
 1 Series,7475,5867.0
 4 Series,18980,17013.0
 1 Series,8990,11396.0
 3 Series,4000,5659.0
 4 Series,22995,20433.0
 3 Series,14199,14301.0
 1 Series,15499,13756.0
 3 Series,18498,18853.0
 3 Series,28990,27398.0
 1 Series,8800,10234.0
 X4,37980,60075.0
 1 Series,11990,11522.0
 X5,29241,25785.0
 3 Series,8399,8712.0
 X3,54995,56401.0
 7 Series,10990,12107.0
 X5,51980,59616.0
 X1,30995,27997.0
 3 Series,15541,14897.0
 4 Series,18950,18792.0
 Z4,13499,14954.0
 3 Series,31990,27671.0
 X1,9500,9755.0
 1 Series,12990,10184.0
 1 Series,12000,14734.0
 4 Series,35045,36836.0
 X6,34990,34190.0
 X3,20491,26073.0
 1 Series,10975,10324.0
 1 Series,17992,15964.0
 X3,16348,21507.0
 3 Series,12300,14943.0
 1 Series,22700,26369.0
 1 Series,12300,12588.0
 4 Series,34590,27969.0
 5 Series,28110,20661.0
 X5,28000,27293.0
 4 Series,26990,26525.0
 5 Series,14490,14923.0
 3 Series,28450,28652.0
 M4,30990,31882.0
 1 Series,30440,33096.0
 3 Series,27480,26007.0
 3 Series,26995,25942.0
 3 Series,17480,21557.0
 7 Series,48912,47610.0
 2 Series,17000,20837.0
 M4,30490,31989.0
 1 Series,13990,13247.0
 2 Series,22450,21738.0
 2 Series,26400,29147.0
 4 Series,34995,31670.0
 5 Series,30995,33650.0
 2 Series,24356,23538.0
 X6,37790,37261.0
 X3,52991,50598.0
 M4,45995,52824.0
 3 Series,16000,16127.0
 4 Series,14990,13855.0
 Z4,29990,34718.0
 3 Series,22495,20570.0
 X1,8298,10414.0
 4 Series,30000,30340.0
 2 Series,28995,31038.0
 X2,33890,35380.0
 5 Series,18995,21815.0
 1 Series,15981,13176.0
 3 Series,14300,16306.0
 3 Series,6480,5700.0
 4 Series,20590,21103.0
 1 Series,18000,17271.0
 7 Series,49990,50071.0
 2 Series,23475,21405.0
 3 Series,24850,26050.0
 1 Series,19260,20603.0
 1 Series,16000,17940.0
 X3,22000,20120.0
 3 Series,9299,10380.0
 5 Series,29999,26247.0
 1 Series,13212,12942.0
 Z4,31488,30187.0
 4 Series,13999,13753.0
 4 Series,25440,26570.0
 1 Series,8999,11271.0
 X1,26786,23685.0
 1 Series,32990,30777.0
 X2,28881,27243.0
 3 Series,13000,12278.0
 4 Series,25850,31100.0
 X1,24995,22344.0
 X2,36981,34454.0
 8 Series,73900,66273.0
 7 Series,23990,18912.0
 1 Series,7475,7619.0
 X1,18490,18566.0
 2 Series,25000,28443.0
 X2,26950,25885.0
 4 Series,22490,21419.0
 5 Series,6470,5078.0
 3 Series,36995,38762.0
 1 Series,19381,22310.0
 1 Series,13600,14177.0
 3 Series,14000,15378.0
 1 Series,22980,23209.0
 1 Series,14490,15051.0
 3 Series,21299,25559.0
 1 Series,14066,13570.0
 5 Series,13450,13069.0
 3 Series,22021,19334.0
 1 Series,13999,15284.0
 3 Series,28110,30845.0
 4 Series,17100,19619.0
 M3,19500,16350.0
 X1,15900,19052.0
 4 Series,17500,17909.0
 3 Series,32995,34638.0
 2 Series,20850,21730.0
 1 Series,16990,16654.0
 3 Series,13400,16113.0
 X3,38020,35869.0
 1 Series,25995,24547.0
 1 Series,14995,14019.0
 3 Series,17000,20985.0
 X6,17999,17237.0
 3 Series,28990,27267.0
 X4,39990,37738.0
 4 Series,16550,16662.0
 3 Series,18157,19195.0
 4 Series,28898,27907.0
 X5,29570,29811.0
 5 Series,34990,35092.0
 4 Series,19999,20454.0
 1 Series,26720,28596.0
 6 Series,17791,17413.0
 X3,19850,18638.0
 X1,11499,12062.0
 X3,33988,32352.0
 3 Series,16399,15741.0
 7 Series,29999,23912.0
 3 Series,11300,12594.0
 1 Series,14397,15118.0
 3 Series,25690,27653.0
 1 Series,11499,10018.0
 4 Series,33890,34836.0
 X3,19750,21617.0
 5 Series,12950,13234.0
 2 Series,25671,25069.0
 5 Series,23990,17334.0
 1 Series,18500,19879.0
 3 Series,14100,17518.0
 3 Series,7795,8782.0
 2 Series,16279,14396.0
 X3,24500,24429.0
 X3,22000,21152.0
 5 Series,25980,23410.0
 X3,18192,16850.0
 3 Series,13298,13301.0
 X3,12000,11391.0
 5 Series,12199,12912.0
 5 Series,9000,10293.0
 X1,17800,18895.0
 X2,25450,29641.0
 4 Series,18669,19834.0
 3 Series,13500,14537.0
 5 Series,13990,12708.0
 X1,19832,21568.0
 1 Series,9800,9895.0
 1 Series,13000,10161.0
 X3,21798,21826.0
 X5,18990,17480.0
 1 Series,29950,30113.0
 2 Series,10000,14463.0
 3 Series,14000,14166.0
 X1,15200,17694.0
 4 Series,21170,19860.0
 1 Series,11991,15771.0
 3 Series,18191,17718.0
 Z4,3076,12955.0
 X5,33990,32433.0
 M5,70995,83111.0
 X4,38150,38158.0
 3 Series,27980,27957.0
 2 Series,20980,20980.0
 4 Series,18210,22751.0
 2 Series,12499,13210.0
 5 Series,27995,22185.0
 X1,18199,18572.0
 3 Series,12750,14177.0
 3 Series,10750,10187.0
 3 Series,11400,11632.0
 2 Series,14951,14887.0
 2 Series,13790,12858.0
 1 Series,3975,4829.0
 1 Series,8977,7938.0
 X4,24000,22617.0
 X5,30400,33033.0
 5 Series,9800,6933.0
 3 Series,12450,12921.0
 M4,27590,29166.0
 5 Series,33950,36138.0
 5 Series,13980,12474.0
 1 Series,11400,12108.0
 1 Series,18480,22884.0
 X1,25020,28271.0
 1 Series,14670,13857.0
 3 Series,6490,7129.0
 5 Series,31990,31526.0
 5 Series,11998,11289.0
 X1,18898,18898.0
 X1,19497,18527.0
 X1,20232,19416.0
 1 Series,21490,22043.0
 3 Series,18690,19238.0
 2 Series,25000,26622.0
 X1,18000,17899.0
 4 Series,24920,26225.0
 1 Series,5490,6508.0
 3 Series,34900,32497.0
 X6,26990,27807.0
 1 Series,12100,14773.0
 7 Series,52999,52060.0
 4 Series,24780,25167.0
 Z4,30990,33466.0
 4 Series,29990,26218.0
 X2,29995,34621.0
 X2,23240,21986.0
 3 Series,19875,18642.0
 1 Series,21980,21215.0
 3 Series,17495,17523.0
 X7,67986,55671.0
 3 Series,22998,25260.0
 2 Series,9852,11795.0
 2 Series,19500,24617.0
 3 Series,13999,13474.0
 4 Series,26442,20365.0
 2 Series,21250,21703.0
 2 Series,10982,10417.0
 4 Series,26980,34235.0
 5 Series,24171,19808.0
 4 Series,31495,32262.0
 2 Series,14270,14676.0
 4 Series,15990,16199.0
 5 Series,28995,22817.0
 3 Series,13991,12889.0
 3 Series,15295,14043.0
 X5,50000,48067.0
 2 Series,26000,29630.0
 4 Series,25990,28887.0
 3 Series,18700,18351.0
 5 Series,29995,27465.0
 1 Series,20875,21234.0
 1 Series,23980,29731.0
 2 Series,13998,14964.0
 X4,19485,13652.0
 2 Series,20980,22267.0
 3 Series,25900,25968.0
 2 Series,26991,27713.0
 5 Series,16899,15837.0
 X6,56290,55417.0
 4 Series,15490,14537.0
 1 Series,11650,12441.0
 X3,35990,29913.0
 X1,19981,19009.0
 3 Series,14950,14922.0
 3 Series,25780,25103.0
 1 Series,9295,9525.0
 3 Series,26500,26551.0
 1 Series,14652,14751.0
 3 Series,9698,12226.0
 X4,23900,23353.0
 1 Series,18940,19045.0
 2 Series,20450,21779.0
 X3,19800,20807.0
 X5,44000,44808.0
 Z4,30990,32520.0
 4 Series,13975,14778.0
 X1,15640,15322.0
 3 Series,33995,34127.0
 5 Series,32600,31498.0
 M4,39500,79443.0
 X3,30200,30802.0
 2 Series,18490,16408.0
 1 Series,29398,25534.0
 X3,18298,18087.0
 1 Series,15390,14382.0
 1 Series,18950,18939.0
 2 Series,22000,20627.0
 2 Series,14600,14396.0
 1 Series,17390,23940.0
 1 Series,21498,21569.0
 2 Series,36840,34255.0
 5 Series,23200,22862.0
 3 Series,19645,17434.0
 2 Series,15499,15810.0
 1 Series,15499,15928.0
 2 Series,26806,25561.0
 X3,47440,40859.0
 7 Series,29240,19069.0
 4 Series,23250,23746.0
 4 Series,22726,23120.0
 1 Series,23990,25199.0
 X6,64900,63543.0
 X1,17500,16931.0
 1 Series,10989,11508.0
 3 Series,13100,17147.0
 2 Series,12150,12023.0
 M4,40980,45666.0
 i3,21898,25654.0
 X1,20995,23384.0
 3 Series,7490,7565.0
 3 Series,17400,20141.0
 X5,49991,48726.0
 1 Series,15995,14970.0
 Z4,31990,28323.0
 5 Series,24595,20473.0
 4 Series,26592,32632.0
 3 Series,18300,19602.0
 3 Series,24000,25052.0
 1 Series,9995,10657.0
 3 Series,18000,20458.0
 X1,25990,25928.0
 2 Series,16991,19195.0
 1 Series,18480,21912.0
 X3,19500,19133.0
 2 Series,13000,13988.0
 1 Series,10500,16441.0
 3 Series,12822,12307.0
 X5,23499,26153.0
 3 Series,26782,28499.0
 2 Series,18980,23801.0
 X1,17900,18626.0
 3 Series,26498,26392.0
 4 Series,16980,12256.0
 5 Series,10495,10412.0
 4 Series,19485,14339.0
 X5,47995,45719.0
 3 Series,17850,18571.0
 X3,31500,33208.0
 1 Series,22490,23475.0
 X1,19229,19071.0
 5 Series,25998,25961.0
 X3,14400,16300.0
 3 Series,5290,5038.0
 X2,31980,26648.0
 2 Series,15995,15134.0
 5 Series,29980,28731.0
 M5,23995,16712.0
 5 Series,13600,13165.0
 3 Series,24995,27139.0
 X5,60000,47498.0
 2 Series,16419,16675.0
 4 Series,15400,13234.0
 2 Series,19980,19864.0
 4 Series,32990,27836.0
 M4,49980,49031.0
 3 Series,18780,18315.0
 X2,27750,25915.0
 X3,33990,32457.0
 2 Series,21450,21421.0
 1 Series,7488,7074.0
 3 Series,29555,30077.0
 X6,32990,29812.0
 4 Series,18512,15207.0
 4 Series,19800,18524.0
 2 Series,20750,21002.0
 2 Series,16990,15141.0
 4 Series,15995,15042.0
 X2,26972,26972.0
 X3,31200,30957.0
 X3,21999,19837.0
 M4,49995,52272.0
 1 Series,16490,15026.0
 5 Series,6990,10296.0
 1 Series,13000,17307.0
 X7,69995,70196.0
 X3,12220,11470.0
 1 Series,2450,4663.0
 5 Series,39999,29411.0
 3 Series,9000,11825.0
 5 Series,30001,31522.0
 1 Series,31000,32932.0
 X5,21212,22461.0
 X3,12750,11465.0
 X1,25995,22781.0
 X3,29980,29418.0
 4 Series,19999,22332.0
 1 Series,12700,12775.0
 1 Series,18950,18194.0
 3 Series,12331,13452.0
 1 Series,18989,18784.0
 1 Series,12700,13946.0
 1 Series,20440,25408.0
 4 Series,29999,22274.0
 1 Series,17480,26919.0
 X3,32250,30211.0
 1 Series,10849,11090.0
 2 Series,20995,23171.0
